"","Area","Prop.Urban.Areas","Pop","Pop.Change","Prop.Below15","Prop.15to64","Prop.Over64","Prop.Swedish","Prop.Foreign","Pop.Growth","Migr.Gain","Families","Households","Prop.Households.rowSmall","Prop.Households.Rent","Prop.Educ.Degree2","Prop.Educ.High","Employed","Empl.Rate","Prop.Households.Empl","Prop.Unempl","Prop.Pension","Support.Ratio","Jobs","Prop.Primary.Sector","Prop.Secondary.Sector","Prop.Services.Sector","Jobs.Self.Suff","Margin.Citizen","Loan.Citizen","Concern.Loan.Citizen","Educ.Cult.Citizen","Soc.Health.Citizen"
"1","Helsinki",100,643272,1.3,14.3,68.9,16.8,5.7,9.5,1524,5027,158063,330933,13.3,49.2,74.7,42.2,309685,71.7,77.1,10.3,19.6,107.7,397346,0.1,10.2,88.7,128.3,1302.6,1874.7,7749.1,1924.7,2954.5
"2","Espoo",99.5,279044,1.6,19.4,66.2,14.5,7.2,10.5,1649,1366,74904,122910,40.5,37.4,75.3,45.9,131153,74.2,48.7,8.5,16.7,112.8,120676,0.1,15.8,82.8,92,827.6,2887,12290.8,2384,2574.2
"3","Tampere",98.6,231853,1.6,13.7,67.5,18.8,0.5,4.6,376,2815,58388,124456,24.7,47.2,77.8,36.3,101034,66.5,78.7,14,22.5,129.5,122611,0.2,18.7,80.1,121.4,367.1,2276.2,6273.9,2009.8,3245.6
"4","Vantaa",99.7,223027,1.7,17.8,67,15.2,2.5,11.2,1149,1287,60020,104180,36.3,38.7,68.6,30.6,106531,74.2,45.7,9.9,18.1,109.4,116320,0.3,21.5,77.4,109.2,735.4,4517,8836.9,1942.2,2661.7
"5","Oulu",96.4,201810,0.6,18.8,65.9,15.3,0.2,2.9,944,334,51683,97284,46.8,40,78.5,36.4,84168,66.3,86.7,13.9,19.6,139.8,87979,0.6,19.7,78.6,104.5,590.5,3134.6,4004.1,1941.7,2964.4
"6","Turku",99,189669,1.1,12.9,66.7,20.5,5.4,6.5,-10,1535,46943,102969,25.6,47.5,75.1,34,81618,66.3,75.8,13.6,24.2,132.4,100128,0.3,16.5,82.2,122.7,206,3991.5,7296.5,1880.1,3284.9
"7","Jyväskylä",94.7,140188,1,15.9,66.4,17.7,0.2,3.3,321,833,36212,71481,38.1,42.9,78.8,35.9,59127,65.8,83.5,14.1,21.6,137.1,63342,0.7,17.6,80.6,107.1,478.6,2609.7,7386.3,1711.7,2905.6
"8","Lahti",97.4,119573,0.1,14.7,61.8,23.5,0.4,4.3,-181,49,31282,63298,32.7,39.9,70.7,28,47187,66.5,77.2,16,27.8,153.4,50573,0.5,25.2,73.1,107.2,507.5,6314.3,9182.9,1761.5,3110.6
"9","Kuopio",85.7,118209,0.4,15,64.6,20.4,0.1,2.5,-55,348,31480,60031,42.8,38.9,77.1,32.6,49635,67.5,84.3,11.9,25.5,138.2,51833,2.7,14.5,81.6,104.4,486.6,2790,8013.1,1894.6,3418.1
"10","Pori",93.6,84587,-0.6,14.5,60.6,25,0.5,2.3,-316,-334,22733,44066,55.8,32,72,27.3,33395,67.8,80.4,13.7,29.8,153.3,34842,1.5,21.7,75.9,104.3,483.6,2878.7,5339.6,1697.6,3249.8
"11","Kouvola",86,84196,-1.3,13.9,59.6,26.5,0.4,2.7,-470,-763,22872,43467,62,27.3,70.2,25.1,32210,66.9,84.1,14.6,32.3,161.4,31329,3.3,22,73.4,97.3,269.3,2372,4118,2062.5,3586
"12","Joensuu",89.1,76067,0.3,14,65,21,0.1,3.1,-64,109,19704,39976,52,40.8,76.8,31,29811,62.6,83.7,16.3,25.5,155.2,34571,1.7,21.3,76.1,116,544.8,3008.9,6389.6,1745,3173.8
"13","Lappeenranta",89.9,72909,0.1,14.4,62.9,22.7,0.2,4.5,-163,-98,19212,37767,46.3,35.9,72.6,29.6,29152,66.2,85.2,14,27.3,150.1,31544,1.7,21.3,76,108.2,455.5,2990.6,6865,1669.9,3353.7
"14","Hämeenlinna",87.7,67662,-0.3,15.1,60.3,24.6,0.3,3.7,-162,-182,18160,34256,54.9,31.2,72.5,31.2,27621,70.4,71.7,11.7,29,145,28038,2.6,21.2,75,101.5,346.3,3284.9,6300.2,1678.7,3428.8
"15","Vaasa",98,67392,-0.3,15.9,64.6,19.5,22.8,6,-3,-463,17471,34034,37.2,40.5,75.3,35,29405,70.2,84.7,9.9,22.7,129.2,36635,0.5,27.7,71.1,124.6,474.3,3836.1,8256,2407,3282.4
"16","Seinäjoki",90.8,62676,1,17.8,63.3,18.9,0.2,1.7,228,345,16859,30428,65.3,33.4,76.6,32.2,27657,73,80.6,9.5,23.1,126.6,30989,2.3,23,73.7,112,465.5,4252.2,8582.5,1934.6,2975
"17","Rovaniemi",89.7,62420,0.3,16.5,64.9,18.5,0.2,2.5,73,-9,16215,31111,51.2,37.7,77.7,32.6,26603,68.5,90.3,12.5,23.3,134.6,26195,1.9,13.3,83.5,98.5,267.6,2470.5,3650.4,1901.5,3290.4
"18","Mikkeli",80,54261,-0.5,14.3,60.6,25,0.1,2.4,-183,-211,14458,27721,55.9,32.3,73.6,29.8,21686,68.5,89.3,11.9,30,150.2,22440,3.2,19.8,76,103.5,491.4,3643.6,9311,1882.9,3360.3
"19","Kotka",98.2,53539,-1.2,13.8,60.5,25.7,1,6.1,-309,-457,14028,28191,43.8,35.3,70.8,26.5,19507,62.7,81.2,17.6,31.2,174.5,21729,0.6,23.4,74.9,111.4,539.6,5615.8,10465.4,1758.7,3902.7
"20","Salo",75,52984,-1,15.1,59.3,25.6,1.1,3.9,-289,-376,14513,26101,71.5,24.2,66.4,25.3,20215,67.6,73.5,14.9,30.5,162.1,18214,5.3,25,68.3,90.1,421.7,1652,2926.3,1766.7,3472.4
"21","Porvoo",84.2,50159,0,17.5,62.2,20.3,29.4,4.7,-28,-100,13931,23053,58.7,27.5,70.2,32.2,22375,75.3,64.1,9.5,23.9,124.2,21265,1.3,31.3,66.2,95,570.8,2890.8,6632.7,2181,2904
"22","Jakobstadsregionen",80.1,49779,0,19.6,58.2,22.2,74.8,4.9,104,-306,13827,20536,67.1,19.3,67.3,25.3,21550,78.6,60.7,5.6,25.1,131,21906,6.8,39.3,52.9,101.7,230.9,3331.3,5120.2,2218.2,3180.7
"23","Kokkola",87.7,47723,0,19,59.8,21.3,12.6,2.4,93,-202,13130,21272,67.3,28.2,71.7,27.3,19686,72.5,86.8,9.3,25.3,142.4,20525,3.3,22.3,73.4,104.3,424.6,5144,9485.2,1947,3365.8
"24","Lohja",82.2,46785,-0.8,16.8,60.8,22.4,3.5,3.1,-89,-230,12987,21847,65,25.1,68,26.7,19719,73.2,58.9,10.3,26.8,137.3,15890,2.3,25.1,71.1,80.6,328.2,3066.8,4461.2,2053.4,3290.7
"25","Hyvinkää",93.9,46739,0.3,16,63.2,20.9,0.9,3.8,-23,11,12646,22768,46.9,32.5,71.4,30.2,20642,73.1,53.8,9.8,25.1,126.4,19690,0.5,27.3,71.2,95.4,572.2,2241,5059.8,1773.1,3118.2
"26","Järvenpää",99.9,42572,2.5,17.5,65.3,17.2,1,3.4,129,878,11683,20346,52.8,31.9,73.5,33.4,20081,75.3,33.4,9.1,21.2,112,12893,0.1,21.6,76.5,64.2,372.5,2144,7033.3,1810,3016.8
"27","Nurmijärvi",87.5,42159,0.4,21.3,62.7,15.9,1.2,3.1,135,-13,11788,17297,75.2,19.4,70.8,31.5,19654,79.5,34.4,6.5,18.9,114.5,12195,1.6,27.2,69.2,62,486.5,3648.4,5514.4,2151.1,2645.5
"28","Rauma",92.5,39620,0,14.8,60.6,24.6,0.3,4.3,-91,-115,10934,19865,57.2,28.6,70.3,28.4,16568,71.8,76,10.2,28.9,139.1,16588,1.1,32,65.8,100.1,780.5,290,1875.9,1733.5,3361.5
"29","Kirkkonummi",89.2,39170,0.4,20.6,63.8,15.5,16.6,5.5,150,-82,10920,16368,68.9,25.1,72.6,39,18086,76.7,31.9,8.2,18.6,116.6,10863,0.9,18.9,78,60.1,404.6,2797.1,4145,2038.9,2640.9
"30","Tuusula",95.5,38646,0.2,19.5,63.7,16.8,1.5,3.4,65,-44,10975,16345,70.8,19.9,71.5,33.2,18219,78.8,27.8,6.9,20.4,112.1,14225,1,30.6,66.7,78.1,489.8,2041.4,3709.8,2195.8,2797.4
"31","Kajaani",88.1,37239,-0.8,16.1,62,21.9,0.1,2.3,-103,-235,9931,18647,53.2,32.6,75.5,29.4,14713,66.5,86.7,13.4,27.7,153.1,15452,1.9,15.7,81.6,105,346.1,3185.6,9023.5,2683,3490.2
"32","Kerava",99.8,35554,0.1,16.9,64.3,18.8,1.3,7.4,63,-82,9701,17257,37.5,35.3,70.3,31.2,16260,74.1,30.5,9.5,22.4,118.7,11741,0.3,24.8,73.5,72.2,592.1,1140.3,4997,1806.7,2737.1
"33","Savonlinna",77.5,34664,-1.6,12.5,58,29.5,0.1,2.3,-262,-363,9460,18246,59,30.3,70.3,25.1,12585,65.1,89.3,15.2,35.1,175.4,12770,5.3,21.6,71.8,101.5,360.1,3023,5843.2,1517.9,4312.9
"34","Nokia",91.4,33322,0.3,19.5,60.7,19.8,0.3,1.5,12,103,9238,15192,60.4,23.3,72.8,29.2,14160,73.7,43.1,10.1,24.2,135.3,11595,0.9,34.3,63.3,81.9,285.1,2652.8,4041.1,1923.1,2724.6
"35","Kaarina",94.7,33099,1.1,19,60.8,20.2,4.3,2.6,68,290,9603,14549,68.2,16.6,74.6,37.2,14712,76.9,27.5,8,23.7,125,9407,1.3,31.2,65.7,63.9,397.5,2093.7,3581.1,1861.8,2865.5
"36","Ylöjärvi",88.2,32878,0.2,21.8,61.1,17.1,0.3,1.2,120,-62,9364,13648,81.4,15.5,74.9,30.6,14456,76.6,34.2,8.3,20.9,127.4,9316,2.5,28,67.6,64.4,621.1,2817.9,3252.2,2041.2,2622.5
"37","Kangasala",85.5,31437,0.8,20,60.6,19.5,0.2,1.3,14,213,8953,13840,67.2,19,75.7,34.2,13752,76.2,37.2,9.4,23.2,128.6,8801,3.5,27.6,66.8,64,799.4,1704.4,3222.7,1873.5,2609.4
"38","Ahvenanmaa",62.6,29489,0.9,16.4,61.9,21.7,87.2,10.8,44,47,8152,13863,63,28.2,67.7,28.4,14745,83.1,50.1,3.7,23.3,100,15916,3.4,13.1,80.3,107.9,673.2,1513.3,2989,2417.6,1747.5
"39","Vihti",75.5,29054,0.3,19.3,62.8,17.9,1.7,4,68,-34,8117,12745,75.4,21.1,70.8,30.6,13307,76.8,38.2,8.1,21.5,118.3,8176,2.5,26.7,68.7,61.4,524,2751.5,3036.9,2119.8,2813.7
"40","Riihimäki",97.2,29021,-0.5,16.5,62.7,20.8,0.4,3.4,-34,-112,7720,14485,45.4,32.6,71.4,28.1,12343,70.9,48.4,10.3,25.4,135.1,11036,0.4,26.1,72.7,89.4,659.6,4094.6,6422.1,1783.4,3224.3
"41","Raasepori",78.6,27851,-0.8,15.1,59,26,64.7,3.6,-101,-178,7680,13565,63.6,26.3,66.4,28.1,11409,72.3,71.9,10.8,30,144.1,9931,3.9,20.9,73.4,87,564.5,3908.9,4663.5,1927.7,3496.2
"42","Imatra",97.4,27269,-0.9,12.8,58.4,28.8,0.2,3.9,-202,-173,7399,14628,57.8,28.8,68.4,22.6,9850,64.3,72.7,16.8,34.7,176.8,10316,0.7,32.8,65.5,104.7,584.9,2242.3,7352.4,1624.3,3367.7
"43","Raahe",87.2,25001,0,19.3,57.6,23.1,0.1,1.9,51,-100,6720,11517,74.7,25.5,70.6,22.1,9018,66.3,86.7,12.4,29.3,177.2,10439,2.2,43.1,53.9,115.8,477,5784.1,10456.1,1859.5,3286.8
"44","Sastamala",68.2,24820,-1,15.3,57.1,27.6,0.1,2.2,-126,-183,6815,11998,76.4,20.2,67,22.5,9455,70,67,8.7,33.4,162.5,8340,7.2,28.3,62.7,88.2,563.6,2136.7,3457.8,1732.8,3571.6
"45","Raisio",99.3,24234,-0.2,15.8,62.5,21.6,1.4,4.4,25,-126,6828,11700,52.6,22.4,71.3,28.9,10646,73.4,29.1,9,26.4,127.6,10367,0.1,26.7,72.1,97.4,385.2,2433.8,3645.3,1686.3,3077.8
"46","Hollola",78,23782,0,18.2,58.8,23,0.3,1.7,-50,45,6808,10670,71.2,18.9,71.2,29.1,9784,74.2,31.4,10.4,27.2,143.1,6072,6,27.1,64.3,62.1,671.8,2236.7,3164.2,1863,2970.1
"47","Lempäälä",88.7,22829,0.4,23.5,60.7,15.8,0.3,1.3,91,3,6330,9340,74.9,19,77,36.5,9957,76.2,32.1,8.3,19,129.3,7230,1.9,26.9,69.4,72.6,636.9,3065.8,4931.9,2054.6,2545
"48","Tornio",86.6,21928,-0.9,17.7,60.5,21.8,0.4,2.6,-21,-228,5925,10190,66.8,28.3,72.9,25.4,8539,67.9,78.7,13.4,26.9,156.8,8689,2.6,38.3,55.3,101.8,341.5,2299.4,4625.4,1745.9,3273.4
"49","Siilinjärvi",81.7,21657,-0.5,20.1,60.7,19.2,0,0.8,63,-232,6176,9355,78.7,18.4,76.6,31.6,9328,75.7,40.7,8.1,24,132.2,7129,4.2,30.3,64.2,76.4,377.6,2927,5672.4,2047.7,3041.9
"50","Iisalmi",76.2,21639,-0.6,15.6,59.9,24.5,0,2.1,-68,-95,5887,10908,56.3,32.8,72.3,24.2,8539,68.3,78.7,13.3,30.3,153.4,9204,4.4,25.5,68.9,107.8,542.5,2493.9,4545.4,1836.2,3493.9
"51","Kemi",99.5,21256,-1.6,14.5,60.1,25.4,0.1,3.6,-97,-298,5535,11406,52.3,35.1,70.4,24,7309,59.5,75.1,17.2,33.4,190.8,8872,0.3,24.5,74.5,121.4,318.7,4026.2,5670.9,1876.3,3965.2
"52","Kurikka",62.4,21203,-1.4,15.4,56.6,28,0.4,1.5,-133,-194,5973,9917,89.6,18.1,67.8,19.6,8187,71.3,66.5,9.4,33.6,159,7248,12.4,28.9,57.2,88.5,481.3,3786.6,6485.9,1835.7,3867.8
"53","Varkaus",92.1,21155,-1.5,12.6,59,28.5,0.2,2.5,-145,-181,5661,11328,57.7,31.2,70.5,25.5,7463,62.3,78.3,15.9,35.6,183.5,8294,1.3,33.2,64.5,111.1,311,2850.7,8265.5,1524.4,3952.8
"54","Valkeakoski",87.5,21136,-1,16.2,58,25.8,0.2,2.6,-77,-95,5778,10294,53.3,25,72.6,26.9,8116,69.5,60,11.3,30.2,160.4,6856,1.5,36.3,61.2,84.5,444.4,2815.3,4479.3,1930,3329.1
"55","Jämsä",73.9,20877,-1.8,13.4,57.2,29.4,0.2,1.3,-189,-234,5788,10647,71.9,22.9,68.8,22.6,7582,66.9,80.4,15.5,35.2,175.3,7695,4.2,36.4,58.5,101.5,240.4,2081.2,3438.6,1724.6,4115.3
"56","Mäntsälä",72.5,20803,-0.2,20.6,61.7,17.7,0.9,2.3,8,-92,5755,8802,79.1,18.2,68.5,25.1,9383,77.6,37.4,6.7,21.7,121.7,6230,3.8,19.1,75.1,66.4,549.7,3013.2,7308.6,2175.4,2763
"57","Hamina",87.5,20493,-0.7,13.5,58.2,28.3,0.3,3.6,-131,-22,5742,10360,71.8,23.3,68.7,24.1,7641,67.2,56.4,14.2,34.2,168.2,6272,3.3,20.5,74.7,82.1,770.2,4197.6,7412.6,1595.4,3628.7
"58","Sipoo",84,20310,1.9,19.5,63.2,17.3,32.6,3.5,45,304,5756,8376,75.9,16.7,72.1,36.1,9813,81,30.1,5.9,19.7,107,6415,2.4,18.4,77.1,65.4,507.9,2540.1,3488.9,2355.1,2498.4
"59","Lieto",83.1,19596,0.9,20.2,61.2,18.6,1.4,1.5,45,140,5812,8096,81.4,11.5,74.2,33.6,9059,80,28.4,6.1,21.8,116.3,6463,3,31.8,63.4,71.3,396.8,3072,4119.4,1939,2722.2
"60","Mustasaari",79.9,19384,0,20.2,58.8,21,68.9,1.9,42,-73,5750,8069,89.1,11.3,76.5,36.5,8871,81.8,31.7,5.8,23.5,118.5,5068,6,27.6,64.1,57.1,601.4,3456.5,3959,2121,2855.8
"61","Pietarsaari",98.3,19379,0,15.8,59,25.3,56.2,7.1,-25,-113,5368,9128,57.7,26,66.4,28.3,8009,73.5,73.6,8,28.9,142,10656,1.1,36.6,61.5,133.1,221.8,3116.8,5624.7,2215.2,3324.5
"62","Pirkkala",97.6,19237,0.4,21,61.7,17.3,0.4,1.9,95,-48,5461,8299,59.1,20.4,79.1,40.8,8764,78.1,26.5,7.5,20.3,119.5,7364,0.4,25.4,72.9,84,543.8,2027.3,2195.6,1979.3,2508.7
"63","Naantali",86,19167,0.5,15.8,60.2,24.1,1.4,1.6,-56,129,5512,9004,60.2,24.1,74.2,34,8221,74.8,35.3,8.6,28.7,133.1,5739,2.3,32.5,63.1,69.8,772.8,1186,3558.4,1770.9,2950.8
"64","Äänekoski",75.4,19144,-1.2,16.4,58,25.6,0.1,1.2,-80,-177,5209,9352,66.2,26.6,67.8,20.4,6839,65.2,73.3,16.5,31.4,179.9,7053,2.4,40.9,55.5,103.1,844.1,3567.1,7343,1893.2,3498.9
"65","Heinola",90.7,19128,-1.1,11.9,56.5,31.6,0.2,2.4,-186,-92,5175,10322,51.4,31.1,66.9,23,6881,66.1,70.7,14.6,37.7,178,6614,2.2,34.7,62,96.1,529.6,3499.4,4446.5,1467.4,3802.3
"66","Laukaa",71.8,18978,0,22.9,58.1,19,0.1,1,30,-19,5192,7819,87.6,18.5,73.5,27.2,7589,73.3,40.5,10.9,23.4,150.1,5639,4.2,26.6,67.3,74.3,413.6,4431.6,6232.7,2046.6,2971.5
"67","Pieksämäki",75.6,18220,-1.4,12.2,58,29.8,0.1,1.9,-165,-91,5042,9676,63,30,69.3,22.4,6631,65.3,83.4,11.8,37.8,174.8,6742,5.6,21.8,71.6,101.7,577.7,3398.4,5215.9,1458.3,4295.7
"68","Kempele",96.3,17535,1.4,24.3,60.6,15,0.2,0.8,141,108,4852,7010,81.6,19.6,78,35.5,7489,75.3,30.2,10.2,18.8,134.1,6089,0.8,32.4,65.6,81.3,424.6,2563.9,3484.9,2145,2578.3
"69","Sydösterbotten",64.5,17419,-0.2,13.5,55.2,31.3,66.9,9,-91,-266,5050,8073,73,17.4,61.7,22,7294,78.3,79.4,5.3,35.1,138.8,7352,17.8,22.3,58.3,100.8,849,2465.9,4373.3,1718.8,3536.4
"70","Forssa",91.1,17185,-0.8,12.7,58.2,29.1,0.3,3.8,-99,-89,4527,9286,45.2,31.2,66.3,22.2,6457,66.9,73.6,12.4,34.6,166.1,8304,1.8,35.8,61.5,128.6,420.8,2515.3,3829,1682.9,3695
"71","Akaa",88.5,16769,-0.9,18,59.8,22.2,0.2,1.6,-47,-125,4618,7809,72.4,20.8,69.8,24.8,6852,71.9,46.5,9.9,26.9,144.7,4652,3.4,36.8,58.3,67.9,370.2,3139.1,3927.7,1579.9,3231.2
"72","Janakkala",76.9,16607,-0.6,17.1,59.9,23.1,0.4,2.3,-19,-72,4677,7773,73.3,19.7,69.8,24.9,6919,73.6,41.4,9.4,27.6,140,5043,4.7,33.4,60.8,72.9,543,2830.2,4231.4,1670.4,3039.4
"73","Kauhava",65.2,16278,-1.9,16.5,56.3,27.2,0.7,2.3,-81,-307,4550,7442,91.1,18.7,66.5,22.6,6392,73.4,77.5,7.9,32.6,154.7,6724,11.3,33.3,53.9,105.2,531.3,2620.3,6660.1,1845,3712.7
"74","Orimattila",67,16221,-0.4,17.6,58.3,24.1,0.6,1.9,-38,-45,4448,7654,77.6,20.1,67.1,20.9,6504,72.1,47.4,12.1,28.5,149.4,4814,8.3,31.8,57.5,74,338.3,2506.8,3608.5,1770.5,3294.8
"75","Loimaa",66.7,16150,-0.7,14.2,57.1,28.7,0.2,2.5,-119,-29,4346,8107,74.8,20.6,66.9,23.2,6281,71,75.7,10.2,34.1,157.1,6546,8.8,28.6,60.9,104.2,205.3,2270.1,3383.6,1635.4,3934.4
"76","Ålands landsbygd",42.9,15756,1.5,18.7,61.9,19.4,89.9,9.2,52,53,4606,6769,83.8,14,66.5,24.5,8018,85,29.6,3.3,21,96.5,5302,7.8,21.5,65.5,66.1,585,1029.2,875.3,2605.4,1554
"77","Uusikaupunki",76,15752,2.3,13.8,59.1,27.1,0.4,2.7,-59,301,4333,7972,63,27.4,70.3,22.5,6924,76.8,80.4,6.6,32.5,127.5,9123,2.7,56.5,40.2,131.8,465.7,1915.8,4311,1606.8,3595.1
"78","Kuusamo",64.5,15386,-0.9,15.5,59,25.5,0.2,1.3,-29,-173,4297,7238,75,24,71.3,21,5840,66.9,92.1,11.7,32.6,163.5,5939,6.1,16.8,75.7,101.7,523.5,1824.1,3599.1,1987.8,3875.1
"79","Parainen",67.6,15285,-0.7,16,57.5,26.5,55.4,2.5,-87,-50,4401,7092,78.4,16.7,71.3,33.7,6390,76.1,58.2,7,30.6,139.2,5088,5,29.3,63.3,79.6,305.4,2872.4,3607.3,2325.8,3625
"80","Ylivieska",86,15251,0.3,21.5,59.8,18.6,0.3,1.2,67,-16,4016,6887,73.4,27.5,73.8,26.4,6107,70.9,70.5,11.2,23.6,149.7,6483,2.5,21.4,75.1,106.2,535.8,4781.8,5520.6,2037.8,3184.1
"81","Loviisa",73.8,15085,-0.8,14.2,58.5,27.2,40.8,3.2,-112,-25,4177,7540,73.3,25.6,64.2,23.9,6037,71.2,58.4,11.2,32.4,149.9,4881,5.8,32,59.9,80.9,548.1,2367.2,3799.9,2198.9,3355
"82","Kontiolahti",71.2,14830,0.2,22.1,62.2,15.7,0.1,1.4,55,-68,4199,6144,93.7,16,77.5,31.5,6416,74,28.1,11.1,19.8,131.1,3300,4,32.4,62,51.4,331.7,2188.3,4001.6,2136.1,2545.1
"83","Lapua",76.3,14494,-0.6,19,58,23,0.1,1.9,-23,-43,4006,6347,82.8,20.1,70.6,27.7,5782,72.7,57.7,8.9,28,150.7,4645,8,30.8,59.5,80.3,538.1,3272,6371.1,1814.4,3229.7
"84","Kauhajoki",67.7,13610,-1.2,15.9,58.8,25.3,0.3,1.9,-41,-124,3783,6463,92.6,21.6,66.9,20.2,5258,68.8,76.9,10.6,31.5,158.8,5369,8.9,25.5,64.2,102.1,406.6,4826.9,6840.2,1878.4,3824.5
"85","Ulvila",85.2,13237,-0.6,17.5,57.6,24.9,0.3,1,-28,-46,3899,5989,84.2,15.9,71.8,27.2,5322,73.6,31,10.9,28.9,148.7,3662,3.2,37.1,58,68.8,186.6,1546,3276.3,1767.6,3154.7
"86","Kalajoki",75.9,12516,-0.6,18.8,57.1,24.1,0.4,2.1,-9,-151,3399,5307,92.8,15.3,69,21.2,4980,73.6,72.1,9.1,28.7,151.3,4588,14.7,31.8,51.7,92.1,381.8,2901,4746.9,1887.1,3084.7
"87","Ilmajoki",73.6,12205,0.3,20,59.4,20.6,0.2,0.6,11,28,3462,5205,93.2,16.4,72.5,25.4,5189,75.7,40.5,7.8,25.2,135.2,3246,12.2,21.3,64.6,62.6,357,3574.8,5601.1,2021.3,3070
"88","Liperi",56.4,12150,-1.2,18.6,60.8,20.6,0.1,0.9,-35,-115,3397,5466,90.8,19.6,75,25.9,5012,71.2,37.9,11.8,25.9,142.4,3255,11.5,22.1,64.2,64.9,466.8,2729.8,4103.6,1687.8,3277.7
"89","Eura",72.3,11910,-0.8,16.2,56.8,27,0.2,2.5,-46,-64,3322,5648,87.3,17,64,21.4,4905,75.7,60.8,7.6,31.5,142.8,4887,7.2,45.8,45.8,99.6,430.3,2404.8,4408.6,1830.7,3366.8
"90","Alavus",59.5,11713,-1.6,17,56.3,26.6,0.1,1.1,-42,-173,3150,5292,87,21.3,65,18.9,4354,69.5,77.4,10.1,32.1,169,4314,9.1,22.9,66.7,99.1,466.4,3307.6,6004.2,1780.8,3886.5
"91","Maarianhamina",99.6,11677,1,14.3,62.8,22.8,84.2,13,13,44,3007,6074,43,45.6,70.3,34.2,5787,80.6,77.1,4.4,24.6,101.8,9899,0.1,8.7,89.2,171.1,764.4,2040.8,6367.5,2133.1,1866.3
"92","Mariehamns stad",99.6,11677,1,14.3,62.8,22.8,84.2,13,13,44,3007,6074,36.4,45.6,70.3,34.2,5787,80.6,77.1,4.4,24.6,101.8,9899,0.1,8.7,89.2,171.1,764.4,2040.8,6367.5,2133.1,1866.3
"93","Kankaanpää",72.7,11585,-0.4,15,59.9,25.1,0.1,2.7,-54,-74,3178,5702,75.5,28.2,68.4,22.3,4514,67.9,77.2,11.4,31.1,156.6,5036,4.2,24.8,69.7,111.6,338.6,3602.1,5845.9,1829.9,3335.3
"94","Lieksa",70.2,11297,-2.4,10.5,54.6,34.9,0.1,2.2,-158,-155,3033,6300,70.9,24.7,64.6,17.8,3444,57.6,87.2,20.5,42.9,228,3532,8.2,25,65.6,102.6,826.2,922.6,4024.1,1556.5,4504.8
"95","Pedersören kunta",73.2,11084,0.2,23.6,58.6,17.8,89.3,2.6,88,-83,3078,3953,93.5,11.9,70,22.6,5029,82.7,51.6,3.8,20.1,120.4,4417,10.1,46.6,42.1,87.8,198.4,2397,3374.3,2387.3,2924.8
"96","Nivala",65.1,10815,-0.7,23.3,55.6,21.1,0.1,0.6,34,-118,2740,4406,91.2,18.8,69.5,18.3,3977,71.3,66,10.7,26.4,171.9,3564,13.8,31,53.9,89.6,431.4,4623.6,8558.9,1988.3,3686.6
"97","Paimio",78.4,10730,0.2,19.2,59.8,21,1,1.8,15,-8,3039,4874,71.7,20.2,73.9,31.2,4700,76.9,34.5,6.2,24.9,128.3,3154,5.6,25,67.7,67.1,495.9,4352.3,5486.9,1840.4,2817.5
"98","Hämeenkyrö",61,10599,-0.8,18.1,59.6,22.3,0.2,1.5,-23,-101,2928,4751,83.9,17.5,70.2,23.1,4311,72.2,42.7,9.8,27.8,145.9,2856,9.1,26.2,62.2,66.2,514.4,4503,5826.6,1868.8,3044
"99","Kitee",55.4,10486,-2.2,11.8,55.6,32.6,0,2.8,-95,-193,2936,5368,76,22.1,66.1,18.9,3436,61.4,79.2,17.5,39.7,205.2,3404,12.3,25.1,60.9,99.1,937.2,772.6,2455.4,1626.7,4063.1
"100","Sotkamo",60.2,10423,-0.5,16,59,25,0.1,1.7,-43,-33,2887,4920,79.2,22.2,71.9,25,4197,71.6,68.4,10.7,30.8,148.3,4134,7.7,30.2,60.8,98.5,309.3,2925.5,4639.2,2067.5,3831.7
"101","Mänttä-Vilppula",82.8,10256,-1.8,12.1,55.5,32.4,0.2,2.4,-123,-118,2837,5322,66.4,23.8,65.7,20,3563,65.8,75.9,13,39,187.8,3776,2.8,36.6,59.4,106,605.5,4130,6141.5,1599.2,3987.1
"102","Huittinen",70.2,10207,-1.9,14.6,57.7,27.7,0.1,2.9,-76,-131,2800,5108,80.4,21.2,66.7,22.5,4097,72.2,66.7,8.5,32.9,149.1,4088,9.6,26.5,62.5,99.8,344,2285.7,2799.3,1738.9,3537.4
"103","Liminka",79.9,10133,1.3,33.6,56.8,9.6,0.1,0.3,102,19,2450,3205,94.9,12.4,75.6,33.4,3986,77.1,31.2,7.8,12.4,154.2,2386,6.5,16.6,75.2,59.9,580.5,1771.4,3314.4,2585.6,2467.2
"104","Muurame",87.4,10097,1.6,21.9,61.4,16.6,0.1,0.9,16,142,2897,4144,79,19.2,78.2,37,4454,76.6,30.4,9.4,20,126.7,2887,1.4,38.1,58.1,64.8,519.9,2165.4,4931.7,1986.6,2292.8
"105","Nurmes",60.9,9983,-1.5,12.2,54.7,33.1,0.1,0.9,-128,-20,2654,5232,77.5,23.2,64.4,18.2,3371,64,86.1,16.8,40.2,196.1,3373,15.9,20,62.5,100.1,898.7,1448.6,2789.2,1850.2,4298.1
"106","Ii",79.3,9966,3.5,23.3,56.9,19.8,0.1,0.5,24,-100,2642,4102,95.7,16.7,70.4,22,3597,68.1,45.5,15,25.3,177.1,2427,6.7,23.2,67.9,67.5,384.7,3525.5,5289.1,2133,3177.7
"107","Keuruu",70.2,9919,-0.7,14,54.3,31.7,0.1,1.6,-92,-45,2755,4970,67,23.9,68.6,23,3397,65.3,74.3,14.5,37.8,192,3271,5.5,28.7,64.1,96.3,676.4,5652,10122.4,1980.5,3608.8
"108","Alajärvi",60.7,9831,-0.7,17.7,55.7,26.6,0.1,1.9,-19,-59,2680,4119,91.6,16.2,65,21.2,3508,67.7,76.3,11.8,32.5,180.2,3484,11,27.9,59.3,99.3,674,2152.1,4235.1,2152.6,3579.3
"109","Leppävirta",57.6,9782,-0.8,13.7,57.6,28.6,0.1,1,-74,-20,2787,4750,83.6,18.7,69.2,24.1,3705,68.8,55,10.9,35.2,164,2863,7.2,37.1,53.9,77.3,490.8,821.5,3646.8,1502.1,3821.6
"110","Lapinlahti",52.2,9692,-1.9,15.5,58.3,26.2,0.1,1.2,-79,-104,2622,4727,90,22.4,67,20,3653,67.9,61.9,12.5,33.2,165.3,3014,17.5,26,55,82.5,419.9,3015.9,5958.9,1760.6,4060
"111","Masku",80.2,9656,-0.2,20.9,61.5,17.6,1.1,1,16,-40,2900,3841,93.6,8,75.1,31.9,4509,81,21.2,5.9,21,114.1,2323,4.7,24.7,68.6,51.5,473,3639.3,4123.1,1958.9,2534
"112","Kauniainen",100,9624,2.4,17.9,60.6,21.4,33.8,4.9,2,213,2658,3994,48.9,29,82.2,57.6,4206,76.7,19.6,5.9,23.1,128.8,2348,0.3,2.5,94,55.8,1408.3,207.8,2271.3,3081.2,2713.8
"113","Hattula",76.9,9610,-0.7,17.9,60.5,21.6,0.4,1.2,21,-86,2792,4244,85.1,15.2,73.8,30.5,4181,76.2,29.6,7.9,25.8,129.8,2724,4.8,18.8,74.5,65.2,286.5,3658.8,4623.9,1758,2691.7
"114","Saarijärvi",58.1,9589,-1,14.3,56.1,29.5,0.1,1.3,-53,-76,2608,4738,80.5,22.3,65.8,20.6,3236,62.6,70.4,19.5,35.8,196.3,2931,11.6,19.6,67,90.6,496.5,1758.7,4198.8,1741.2,3997.4
"115","Eurajoki",62.9,9521,1.1,17.7,58.2,24.1,0.3,4,-33,18,2767,4144,92.2,11.2,67.5,25.5,4033,76.3,44.6,7.8,28.3,136.1,3696,4.1,45.2,49.5,91.6,1006.5,1623.1,1842.8,2038,3289.2
"116","Närpiö",58.1,9507,0.7,14.8,56.7,28.4,80.4,12.7,-26,-13,2744,4217,83.4,17.2,60.4,21.4,4251,81.6,85.1,4,31.4,123.6,4448,23,24.6,51.1,104.6,906.9,2064.9,4655.3,1945.4,3307.9
"117","Orivesi",71.2,9285,-0.3,15.4,56.5,28.1,0.2,1.2,-50,21,2584,4517,76.3,20,68.4,24.3,3480,69.5,51.6,11.9,33.2,166.8,2684,9.5,19.9,68.5,77.1,509.9,2551.4,3611.2,1785.4,3736.7
"118","Muhos",78.2,9019,0.3,24.5,58.5,17,0.1,1.1,38,-7,2333,3594,91.5,18.3,73.4,25.4,3407,69.7,46.4,11.2,22.4,164.7,2501,8.5,12.5,77.2,73.4,475.3,4702.1,5208.8,2085,3442.7
"119","Somero",56.8,8919,-1.2,14.4,55,30.6,0.5,2.5,-93,-23,2422,4385,86.5,16.1,62.4,20,3313,70.9,63.1,10.1,35.9,169.2,2732,15,24.2,58.7,82.5,575.5,2125.6,3476.4,1758,3604.9
"120","Karkkila",85.2,8900,-0.1,16.4,59.1,24.6,0.9,5.1,-37,12,2414,4217,69.2,24,62.6,19.9,3580,71.4,51.5,10.8,29.5,148.6,2781,2.2,38.6,57.8,77.7,335.6,6652.2,7076.1,1932.9,3409.1
"121","Laitila",69.4,8610,1.1,16.8,59.5,23.7,0.4,5,-27,36,2340,4041,74,22,65.4,19.7,3802,77.8,62.7,5.8,28.3,126.5,3823,8.7,41.9,48.3,100.6,458.8,1662.6,3678.6,2152,3288.5
"122","Sodankylä",63.6,8545,-1.2,13.3,60.8,25.9,0.1,1.3,-55,-63,2334,4089,86.2,28.8,71.8,23.3,3535,70.6,84.5,11.2,32.1,141.7,3577,6.6,25.3,67.1,101.2,536.1,3219,6435,1914.6,4353.2
"123","Hanko",96.6,8517,-1.7,13,56.3,30.7,42.8,3.7,-55,-103,2360,4376,64.7,25.3,59.6,21.8,3254,71.1,81.6,11,35.4,161.7,3518,0.2,37.9,60.7,108.1,817.7,7270.3,8603.3,1732.2,3854.2
"124","Hausjärvi",64.7,8504,-1.6,18.8,61.2,20,0.4,2.2,-8,-157,2426,3722,90.5,14.7,70.4,24.5,3707,74.7,30.1,7.5,24.9,129.4,2123,8.8,29.5,59.3,57.3,352.7,2796,3116.3,1791.4,3070.4
"125","Kuhmo",63.5,8499,-1.7,11.7,54.7,33.6,0.1,1.1,-82,-77,2335,4415,79,22.8,67.5,17.6,2777,61.9,85.4,18.5,42,206,2711,12.8,18.3,67.7,97.6,336.9,4297.4,5930.3,1756.4,4595
"126","Pöytyä",51.1,8422,-1,18.7,57.3,24,0.6,3,-41,-40,2293,3792,92.5,14.2,64.2,20.3,3468,75.6,48.4,9.3,28.3,142.8,2602,14.5,31.1,52.3,75,488.7,937.5,1888.4,1917.5,3395.7
"127","Keminmaa",89.5,8296,-0.2,17.4,59.3,23.3,0.1,0.8,12,-34,2417,3779,85.6,19.1,75.2,29,3309,71.1,36.6,12.2,28.6,150.7,2622,2.4,36.7,59.2,79.2,307.5,2324.3,3524.2,1768.8,3526.9
"128","Kiuruvesi",50.7,8283,-1.9,14.6,56.8,28.6,0,0.8,-74,-79,2216,4089,80.9,25.6,66.7,17.2,3012,66.8,72.1,13.4,35.7,175,2585,24.3,16,57.8,85.8,511.4,3788.4,6821.2,1861,4257.8
"129","Asikkala",64.4,8248,-0.9,14.2,54.7,31.1,0.2,1.6,-51,-102,2320,4047,77.5,18.1,67.8,26,2988,69.1,48.2,12.1,36.5,176,2254,9.4,29.4,58.7,75.4,577.5,1453.7,3014.4,1607.9,3476.6
"130","Pudasjärvi",50.6,8103,-1,16.1,54.4,29.5,0.1,1.9,-53,-93,2066,3768,88.2,23.8,63,15.4,2529,60.4,79.7,16.8,37.9,220.4,2517,12.8,19.3,67,99.5,569.7,2708.4,5884.4,2226,4317.7
"131","Laihia",81.9,8051,-1.1,20.2,58.1,21.7,1.1,0.8,0,-87,2289,3512,88.6,16.3,71,29.3,3444,77.4,35.9,7.5,25.9,133.8,1857,8.7,22.5,66.8,53.9,206.9,3378.8,4401.4,1777.4,3303.1
"132","Suomussalmi",62.3,8051,-1.7,10.7,55.9,33.3,0,1.6,-93,-53,2268,4104,80.1,22.8,67.1,17,2578,59.4,81.4,20.1,41.9,212.3,2334,10.1,23.6,64.3,90.5,439.7,1951.6,3188.2,1724.8,4770.2
"133","Loppi",55.6,8028,-0.9,18.3,58,23.7,0.4,1.8,13,-87,2227,3538,89.1,13.1,66.7,22,3335,75.8,36.9,6.6,28.4,140.7,2062,8.5,24.9,64,61.8,414.9,2495.4,3586.3,1823.4,3146.9
"134","Mynämäki",65.3,7838,-0.1,15.4,59.9,24.7,0.8,1.5,-11,8,2293,3612,88.6,13.5,68.7,21.9,3346,74.9,39.3,7.6,30.1,134.2,1976,14.8,24.2,59.3,59.1,317.2,2034.6,2788.1,1611.1,3325.1
"135","Kemijärvi",70.3,7534,-1.7,10,53.4,36.6,0,0.8,-109,-25,2079,4063,68.1,25.6,68.5,21.5,2449,62.8,78.4,16.3,44.3,207.6,2279,5.9,17.8,75.5,93.1,69.9,4573.8,9511.8,1826.4,5249.5
"136","Uusikaarlepyy",60.2,7521,0.1,18.3,57.3,24.4,86.7,6.1,-8,-27,2155,3210,81.7,19.1,66.1,24.5,3366,81.1,69.1,4.2,26.8,123.4,3297,17,37,44.7,98,80.4,4407,6209.7,2092,3371.4
"137","Oulainen",74.3,7472,-0.6,18.5,56.6,24.9,0.2,0.7,-24,-19,1965,3423,85.8,20.9,69,22,2778,70.4,71.9,11,30.4,169,2977,6.1,27.9,64.7,107.2,396.5,4258.7,5729.8,1984.5,3989.4
"138","Kokemäki",59.5,7381,-1.6,13.6,57.3,29.1,0.1,2.4,-49,-79,2076,3670,86.6,16.2,65.8,20.8,2751,67.8,54.6,12.5,34.8,168.3,2308,8.1,26.4,64,83.9,317,3153.2,4812.6,1614.4,3838.1
"139","Suonenjoki",72.4,7266,-0.6,14,56,30,0,1.9,-59,-7,1986,3700,66.3,27.4,67.7,20.5,2586,66.6,68.4,11.5,37.5,181,2455,8.4,30.1,60.2,94.9,798.8,3786,8169.7,1696.8,4141.1
"140","Haapajärvi",69.5,7251,-1.1,19.1,58.6,22.3,0.1,1.3,2,-83,1858,3220,83.6,23.6,65.1,19.8,2717,68.4,77,9.8,29.2,166.9,2858,9.1,27.2,62.3,105.2,316,4738.8,5934.2,2109.6,3778.2
"141","Harjavalta",92.8,7151,-1.2,14.4,55.6,30.1,0.2,2.7,-72,-21,1928,3737,71.3,23.5,66.7,22.9,2582,68,58,12.9,35.5,177,3806,1,40.4,58,147.4,363.9,2297.4,3287.4,1686.9,4177.6
"142","Ikaalinen",59.9,7119,-0.1,14.8,55.3,29.9,0.2,1.3,-40,27,1949,3522,77.5,21.7,68.7,24.3,2537,67.1,61.6,11.4,35,180.6,2324,9.9,17.6,70.1,91.6,270,3782.6,5990.2,1662.6,3791.8
"143","Outokumpu",67.9,7003,-1.2,14.4,56.6,29,0.1,2.9,-72,-36,1869,3593,75.3,27.9,68.5,17.8,2226,58.4,72.5,17.3,35.9,214.6,2462,3.5,40.9,54.6,110.6,593.5,1821.8,4891.9,1674.6,3877.3
"144","Haapavesi",59.5,6970,-1.8,21,57.4,21.6,0,1.2,4,-142,1767,2970,91.1,20.3,68.7,17,2540,68.3,76.5,11.9,27.7,174.4,2631,12.5,34.5,51.8,103.6,485.2,4433.3,5505.2,2172.6,3612.1
"145","Säkylä",72.6,6903,-1.2,13.7,57.2,29.1,0.2,1.7,-45,-48,1989,3379,86.1,15.6,66.5,23,2842,75.4,58.7,6.5,34.4,142.9,3267,6.7,31.4,60.6,115,716.1,1478.1,2968.3,1619.3,3583.5
"146","Inari",65.6,6869,0.6,12.5,62.6,24.9,0.3,2,-23,32,1827,3233,89,30.3,70.2,22.8,2994,71.4,87.4,11.2,31.1,129.4,3010,6.3,7.9,83.9,100.5,716.1,2013.8,6332.7,2146.6,4087.1
"147","Virrat",51.4,6844,-1.1,12.6,53.2,34.1,0.1,1.9,-74,-20,1881,3464,73.9,23.5,65.2,20.9,2366,67.3,77.5,12.2,40.1,189.3,2289,12.1,26.7,59.1,96.7,875.2,831.1,2288.6,1834,3866.9
"148","Iitti",60,6820,-1,14.4,56.7,28.8,0.3,1.3,-29,-34,1867,3456,84,22.6,66.9,23.4,2619,70.4,50.1,12.1,34.5,160.4,2149,10.4,35.5,51.4,82.1,187.7,1316.3,3029.9,1550.6,3752.3
"149","Kemiönsaari",51.5,6793,-1.1,13.1,54.9,32.1,68.5,4.2,-60,-50,1898,3409,80.8,19.2,63.6,24,2536,70.6,74.4,9.3,37.7,167.9,2234,7.7,21,68.2,88.1,767.7,3561.9,5344.9,1980,3858.2
"150","Tyrnävä",71.7,6730,-0.3,31.8,56,12.2,0.3,0.4,64,-82,1628,2278,96.8,11.5,71.5,22.6,2524,73.3,34.9,10,15.9,166.6,1419,14,18.8,65,56.2,202.1,4514.9,5005.9,2289.5,2988.3
"151","Kristiinankaupunki",67.2,6638,-1.3,12.1,53.8,34.1,54.6,4.5,-55,-237,1934,3198,89.4,17.4,62.6,22.4,2604,75,74,6.6,38.8,154.9,2445,11,15.5,71.5,93.9,835.9,2919.9,3984.8,1388.4,3643
"152","Vöyri",51,6616,-1,17.6,57.3,25.1,81.1,5.7,0,-117,1882,2877,91.7,16,67.7,25.8,2869,78.7,62.1,5.9,28.2,130.6,2516,15.5,30.6,52.6,87.7,496.1,943.6,1606.6,2190.1,3227.8
"153","Pälkäne",56.3,6567,-0.9,15.3,56.4,28.3,0.4,2.1,-54,-20,1855,3060,89,16,68.3,23.7,2586,73,51.7,9.6,33.2,153.9,1929,13.9,19.9,63.6,74.6,279.6,1197,2499.5,1901.2,3715.2
"154","Parkano",67.2,6562,-1.9,14.2,55.3,30.5,0.1,1.7,-43,-84,1806,3231,78.9,21.4,65.4,18.5,2350,67.2,74.4,11,36.8,179.2,2398,6.6,32.1,60,102,534.7,2734.2,4297.9,1509.3,3682.4
"155","Kruunupyy",54.5,6531,-1.3,17.4,57.9,24.7,78.4,3,-14,-83,1911,2602,94.1,12,65.4,23.8,2872,80.3,55.4,5.3,27.6,127.4,2443,13.4,40.6,44.9,85.1,294,3428.6,4018.8,1977.8,3445
"156","Kittilä",57.2,6421,0.6,15.9,63.4,20.7,0.3,2.7,-4,-71,1601,2855,83.7,29.4,74,22.7,3048,77.1,85.6,8.9,25.4,110.7,3437,4,26.5,68.6,112.8,1011.8,3332.8,7917.8,2511.3,3976.5
"157","Viitasaari",57,6411,-3,11.7,54.8,33.6,0.1,0.9,-61,-131,1743,3273,74.8,23.1,65,18.7,2182,64.3,79.3,15.3,40.1,193.8,2225,10.3,24.5,63.8,102,811.1,3265.8,6872.9,1588.4,4419.4
"158","Juva",51.4,6334,-1.4,12.2,55.1,32.8,0.3,2.2,-70,-45,1748,3220,79.7,20.7,65,18.7,2337,70,70.8,11.3,38.8,171,2101,19.3,21.1,57.4,89.9,635,3103.4,5015.9,1881.4,3913
"159","Rusko",78,6263,2.1,19.9,61.8,18.3,1.6,1.4,23,91,1920,2472,94.2,6.8,74.7,30.4,2956,81.1,21.9,6,21.4,111.9,1913,4.9,53,40.3,64.7,684.3,1250.8,2157.6,1791,2349.5
"160","Tammela",49.8,6155,-1.4,15.7,59.2,25.2,0.2,1.2,-35,-63,1783,2796,88.4,13.6,69.7,26.8,2578,74.6,36.7,8.9,29.7,138.8,1620,13.5,30.2,53.9,62.8,376.9,1312.8,2346.9,1730.1,3170.1
"161","Siuntio",48.2,6146,-0.5,20.1,62.1,17.8,28.5,4.3,12,-76,1767,2537,90.4,11.5,70.5,34.5,2852,78.6,23.8,6.7,21.1,115.5,1352,7,17.5,72.7,47.4,576,3464.9,3715.3,2050.8,2655.5
"162","Mäntyharju",62.7,6054,-0.7,12.2,53.4,34.4,0.2,1.5,-49,-15,1618,3151,81.1,21.9,62.5,20.1,2092,67,70,11.6,40.7,189.4,1931,11,31.6,56,92.3,545.6,2181.4,4677.9,1653.6,4150
"163","Ähtäri",62.2,5906,-1.3,14.6,55.5,30,0.1,0.9,-24,-48,1663,2868,87.4,20.7,68.3,21.5,2166,68.9,75.1,11.6,35.8,172.7,2122,10,24.1,64.5,98,694.9,2963.1,8209.4,1426.5,4199.6
"164","Kangasniemi",50.9,5549,-1,12.2,52.2,35.6,0.1,1,-59,-1,1500,2874,84.7,20,64,20.7,1875,67,73.9,11.9,42,195.9,1632,16.4,26.9,55.4,87,533.4,3933.7,5446,1492.3,4154.3
"165","Nakkila",74.7,5521,-0.5,15.8,57.1,27,0.5,0.9,-38,6,1579,2615,86.8,14.8,66.6,22.8,2098,69.9,35.8,10.7,31.7,163.2,1516,5.8,40.2,52.3,72.3,263.9,688.3,1524.9,1562.4,3279.7
"166","Kannus",72.7,5520,-1,18.6,59.4,21.9,0.5,1.6,12,-65,1505,2453,88.6,19.3,67.6,20,2199,71.3,66.2,9.2,27.2,151,2085,14.1,27.2,57.4,94.8,136.1,2663,5122.3,1873,3391.1
"167","Inkoo",41.1,5481,-1.9,16.9,59.4,23.8,52.9,3.3,-19,-104,1589,2397,88.4,12.8,71.1,33.5,2410,78.4,34.8,7.3,27.2,127.4,1290,10.2,22.3,63,53.5,366,2762.8,3046,2062,3082.1
"168","Maalahti",70.5,5477,-0.7,15,57.5,27.4,85.5,4.7,-18,-49,1604,2527,94.9,15.2,69,27,2392,78.9,52.8,7,30.9,129,1811,11.4,26.8,59.4,75.7,453.2,3728.1,4703.5,2093.5,3772
"169","Siikalatva",47.7,5447,-2.4,15.7,55.3,29,0.1,0.6,-47,-94,1441,2583,96.9,18.9,65,14.8,1943,67.5,73,13.3,35.7,180.3,1839,23.1,19.1,56.1,94.6,329.5,3001.8,6535.9,2072.7,4537.4
"170","Siikajoki",46.7,5343,-0.4,22.3,56.4,21.3,0,1.1,19,-62,1376,2247,97.6,15.7,67.8,18.6,1933,68.3,56.8,10.2,27.4,176.4,1706,20.9,20.8,56.4,88.3,463,3135.1,4668,2369.6,3423.9
"171","Pyhäjärvi",54.1,5337,-2,14.7,53.2,32.1,0.2,0.9,-50,-62,1440,2618,83.7,22,64.1,18,1726,62.6,78.6,12.8,40,209.2,1678,10.9,23.4,63.9,97.2,0.4,4240.4,7149.9,1924.9,4867.2
"172","Jokioinen",64.7,5286,-1,16.2,59.5,24.3,0.5,1.5,-17,-45,1521,2447,87.6,16.8,68.8,24.9,2194,74,39.3,9.9,28.7,140.9,1701,7,26.6,64.7,77.5,372.5,3220.2,3997.4,1859.8,2948.9
"173","Teuva",66,5269,-1.8,14.6,54,31.4,0.7,1.2,-65,-26,1505,2460,95.6,13.9,64.8,16.6,1865,69.3,66.8,10.9,37.4,182.5,1727,17,28.3,53,92.6,406.5,4836.4,6074,1796.5,4233.4
"174","Luoto",87.8,5264,1.7,29.7,55.9,14.4,91.8,2.6,63,0,1315,1643,94,11.8,69.9,22.3,2274,83.8,30.2,3,16.3,131.5,1093,3.5,39.1,56,48.1,469.2,4430.5,6748.9,2351.8,2589.3
"175","Pyhtää",73.9,5264,-1.4,16.7,58.5,24.9,7.6,2.2,-34,-77,1558,2349,93.9,10.6,69.2,26.7,2115,72.3,27.2,10.9,30,148.9,1056,6.5,25.9,63.2,49.9,616.6,2537.6,2731.4,1634.1,3129.4
"176","Ruokolahti",61.2,5218,-0.5,13,54.3,32.7,0.1,2,-46,7,1553,2561,85.8,15.7,65.2,21.9,1856,68.2,31.7,12.7,39.1,181.1,1011,13.5,16.6,67.2,54.5,441.9,2319.3,3309.9,1573.8,3874.9
"177","Ilomantsi",54.3,5128,-2.1,10,53.1,37,0.1,1.7,-91,-27,1422,2753,86.3,21.1,62.2,15.1,1566,59.6,77.1,20.7,45.7,227.5,1513,11.4,15.3,71.8,96.6,527.9,2270.1,4169.9,1825.7,5239.7
"178","Pornainen",66.1,5121,0.3,22,63.2,14.7,2.3,1.6,26,-14,1419,1935,94.5,7.2,69.3,24.9,2414,80.7,25.8,5.9,17.8,112.1,1051,8.2,20.7,67.4,43.5,690.9,2828.7,3098,2214.4,2252.1
"179","Sievi",53.1,5035,-0.7,26.7,55.3,18,0.2,1.3,30,-66,1188,1832,96.7,18.4,65.9,16.7,1784,70,64.6,9,23.5,182.2,2229,10.4,58,30.6,124.9,602.8,3464.2,6238.1,2421.4,3603.8
"180","Hankasalmi",48.5,5019,-2.7,15.3,55.3,29.3,0.2,1,-80,-65,1351,2376,94.9,19.5,66,18.7,1749,65.9,59.6,12.7,36.1,187,1385,16.6,17.4,63.5,79.2,455.9,2311.4,3873.9,1826.1,4412.8
"181","Askola",53.2,4990,-1.1,20.5,60.9,18.6,3.2,1.8,-1,-47,1398,2064,96.9,11.8,68.2,21.7,2217,77.9,32.8,7.8,22.5,125.1,1331,8.8,37.7,51.2,60,166.1,3894,4928.7,2014,2912.2
"182","Parikkala",44.9,4969,-3.1,10.1,52.2,37.7,0.2,1,-99,-51,1356,2650,85.4,20.1,63.6,18.3,1667,65.9,65.3,14.5,44.6,198.1,1374,18.3,19,60.8,82.4,636.3,418.4,855.9,1397.5,4458
"183","Joroinen",57.4,4917,-2.4,14.2,57.6,28.2,0.4,2.1,-51,-79,1426,2392,89.8,19.9,70.3,22.4,1860,68.5,49.7,12,34.7,164.4,1436,26.6,21.2,50.6,77.2,363.8,3652.4,5659.3,1720,3622.7
"184","Jomala",63,4859,2.1,22,63.6,14.4,89.1,8.5,37,30,1418,1947,88.8,11,70.4,30.4,2591,87.2,33.1,2.8,16.1,87.5,2521,3.5,19,74.2,97.3,646.6,0,292,2701.8,1128.2
"185","Urjala",48.6,4829,-0.6,13.4,55.5,31.2,0.3,2.3,-35,-17,1309,2439,87.1,22.1,62.3,18.1,1749,68,56.3,11.8,36.4,176.1,1452,13.4,29.6,53.9,83,35.2,2808.4,4335.7,1518.3,3868.3
"186","Juuka",46.2,4817,-2.5,10.8,54.8,34.4,0.1,1,-71,-58,1288,2534,89.4,20,62.1,16.4,1483,58.2,79.8,19.1,43,224.8,1440,10.9,28.5,58.8,97.1,799.9,963.9,2628,1716.4,5063.7
"187","Nousiainen",68.3,4813,0,20.5,61,18.6,0.7,1,22,-30,1419,1969,90,9.6,72.7,25.9,2212,79.6,24.2,6.3,22.3,117.6,992,10.9,17,69.6,44.8,212.5,1856,2273.8,2180.8,2933.5
"188","Taipalsaari",58,4774,-1.2,16.8,60.1,23.2,0.1,2.2,-21,-44,1417,2080,95.4,10.6,73.7,33.7,1999,73.6,26.3,10.7,27.6,138.8,779,9.5,15.5,70.6,39,37.5,3682.9,5519.3,1987.6,3095.3
"189","Luumäki",61.9,4747,-1.7,12.8,54.8,32.4,0.4,2,-47,-43,1294,2423,87.6,21.3,64.2,20.7,1758,70.8,55.5,11.3,37.8,170,1373,18,22.9,57,78.1,581.6,589.8,4185.2,1767.9,3881.6
"190","Isokyrö",71,4673,-0.8,17.2,56.5,26.2,0.6,0.8,-32,-10,1269,2153,92.1,16.4,69.8,24.2,1829,72.7,43.7,8.8,31.1,155.5,1304,15.3,21.5,60.9,71.3,556.8,401.2,2074.5,1771.2,3465.9
"191","Pielavesi",43.3,4624,-1.6,14.6,51.5,33.9,0.1,1.1,-55,-17,1235,2262,83.5,19.5,63.4,16.2,1491,64.7,67.9,10.8,41.5,210.1,1267,23.1,11.5,63.1,85,585.2,3722.5,5698.7,1772.1,4821.2
"192","Tohmajärvi",33.6,4571,-1.8,12.9,56.9,30.3,0.2,2.5,-32,-51,1286,2258,90.4,18.8,64.9,17.4,1511,60.8,57.9,19.3,37.2,202.5,1291,16.6,10.2,71.2,85.4,483.5,1388.8,2795.9,1853.6,4210.2
"193","Joutsa",58.9,4567,-2.3,11.5,52,36.5,0.3,1.6,-62,-37,1223,2442,85.2,21.7,62,18.5,1561,67.6,67.6,14.7,41.6,192.6,1413,13.9,21.9,62.4,90.5,344.4,2948.8,5161.4,1644,4514.1
"194","Kärkölä",66.5,4508,-0.7,14.7,59.7,25.6,0.5,2.5,-22,-9,1279,2172,88.4,19.4,63.6,18.8,1817,70.8,50,12.4,30.6,148.1,1731,7.2,50.9,40.4,95.3,530.2,1972,2215.2,1628.9,3281.7
"195","Vesilahti",56.4,4460,0,21.8,60.4,17.8,0.3,1.4,10,-19,1239,1766,97.5,8.4,72.8,31.3,1920,76.7,27.7,7.7,21.4,132.3,844,14.2,11.7,70.4,44,441.3,3116.8,3414.1,1972.6,3049.8
"196","Ruovesi",51.3,4459,-2.3,12.1,53.2,34.8,0.3,0.9,-61,-48,1226,2255,80.1,21.7,65.1,20.8,1557,68.6,67.5,10.1,41.5,186.4,1533,12.3,32.7,53.7,98.5,637.4,1361.7,1764.1,1541.2,4651
"197","Polvijärvi",30.8,4414,-2.2,13,56.7,30.3,0.1,0.6,-35,-59,1207,2204,93.8,18.8,66.7,16.1,1512,63,56.9,15.2,38.1,191.9,1212,19.5,27.7,50.3,80.2,572.3,237.9,1434.1,1610.3,3744
"198","Kaustinen",65.8,4309,0.3,19,58.8,22.2,2.1,1.7,0,1,1250,1850,95.2,19,67.4,23,1925,79.4,60.4,6.4,25.1,123.8,1706,15.8,20.4,62,88.6,295.4,6495.2,11103.7,1949.9,3168.7
"199","Karstula",50.9,4146,-2,13.7,54.8,31.4,0,0.9,-51,-40,1198,1974,93.2,19.3,64.4,19.1,1395,64.6,74.9,16.3,37.7,197.2,1414,14.5,25.6,58.4,101.4,660.2,3135.6,5388.6,1724.1,3953
"200","Pihtipudas",47.6,4127,-1.8,15.3,55.4,29.3,0,0.7,-26,-51,1095,2000,93.1,22.7,62,14.7,1466,67.7,77,13.7,35.8,181.5,1413,19.1,13.3,65.5,96.4,467.9,3538.9,6760.6,2118,4270.9
"201","Ylitornio",47.4,4118,-2,10.5,54.4,35,0.5,1.6,-69,-41,1144,2027,92.4,18.4,64.8,18.6,1401,65.5,76.7,13.9,41.9,193.9,1297,12.4,18.1,63.6,92.6,477.4,158.6,961.9,1718.1,5077.7
"202","Sonkajärvi",42.9,4075,-3,12.9,56.2,30.9,0,0.9,-55,-69,1143,2023,89.3,23,64.3,16,1396,63.6,56.6,16.3,38.9,191.9,1164,21.4,13.9,63.2,83.4,725.9,2908.7,5252,1626.7,4287.1
"203","Taivalkoski",46.5,4058,-1.8,15.2,57.3,27.5,0,0.7,-24,-52,1063,1833,83.2,23,67.1,16.3,1397,63.2,79.2,15.9,35.4,190.5,1304,10.1,21.5,67.5,93.3,603.5,489.4,2379,2114.3,4228.9
"204","Aura",69.9,3991,0.2,20,61.9,18.1,0.6,2.2,10,-6,1117,1764,94.8,14,67.9,22.8,1823,78,29.6,6.6,21.9,118.9,1131,5.8,35.5,56.1,62,700.8,3000.8,3702.1,1719.9,2723.1
"205","Ranua",49.9,3972,-1.3,18.9,55,26.1,0.1,1.1,-27,-33,997,1707,94.5,23.7,62.6,16.3,1263,62.2,79.3,15.8,33.4,214.5,1218,16.2,8.9,72.5,96.4,984.6,1047.3,4329.8,2373.9,4357.3
"206","Petäjävesi",55.3,3920,-1.5,19.5,57,23.4,0.1,1.2,-16,-48,1045,1766,90,20.6,70.1,25,1518,72.1,38.9,11.5,28.2,158.2,869,14.5,20,62.7,57.2,194.9,2216.6,5200.8,2239.5,3381.6
"207","Sysmä",51.7,3859,-2.4,9.5,51.1,39.4,0.2,1.5,-64,-31,1023,2141,81.5,21.8,59.4,18.8,1243,64.8,69.4,12.2,45.5,210.5,1027,22.6,13.4,61.5,82.6,535.1,73.9,863.2,1789.6,4167.4
"208","Kolari",48.4,3854,0.7,14.6,59.5,25.8,0.8,1.6,-15,-29,1024,1772,93.1,21.3,71.3,21.1,1600,71.1,77.1,12.2,30.6,140.9,1469,4.1,9.3,82.2,91.8,1041,1824.1,2857.3,2042.3,3918.3
"209","Uurainen",42,3747,0.8,25.8,55.6,18.5,0.1,1,17,14,989,1440,94.9,15.2,70.6,22.8,1414,72.1,36.8,12.3,22.7,165,859,11.2,22.5,65,60.7,428.6,3832.1,6032.6,2274.9,2688.8
"210","Vieremä",37.4,3685,-1,15.1,59.6,25.4,0.1,2.5,-31,-18,1018,1681,93.5,22,67.7,18.5,1520,72.4,71,10,31.2,142.4,2052,20,50.7,28,135,987.2,2427.4,8546,1991.9,3693.4
"211","Kuortane",34.5,3637,-1.4,14.8,55,30.2,0.1,1.4,-34,-27,1019,1668,95.1,16.8,64.1,21.7,1406,74.2,63.1,6.9,35.3,158.7,1345,13.5,22.9,62,95.7,598.3,1918.9,4143.8,2079.7,3828.2
"212","Salla",46.5,3575,-2.1,10,53.3,36.6,0.3,1.5,-59,-57,967,1814,87.6,23.1,64.4,15.9,1148,61.2,80.1,20.7,44.1,211.4,1110,15.9,6.6,76,96.7,444.5,3693.1,5655.4,1870.5,6009
"213","Rantasalmi",38.9,3553,-2.6,11.7,55.8,32.5,0.2,1.6,-57,-42,1001,1766,82.8,19.5,67.2,19.8,1255,65.8,57.5,14.5,39.2,183.1,888,26,18.4,54.1,70.8,789.5,2966.2,3411.2,1775.4,4067.8
"214","Pello",53,3510,-1.5,9.7,52.9,37.3,0.5,1.3,-42,-14,1028,1767,88.9,17.7,65.9,19.3,1132,62.4,79.2,17.4,44.9,210.1,1101,12.4,15,68.9,97.3,-195.7,1300.9,3107.1,1664.7,5355
"215","Savitaipale",53,3480,-1.5,11.3,51.9,36.8,0.1,0.7,-49,-8,925,1762,89.4,16.9,63.2,19,1253,71.3,61.6,11.1,41.3,177.7,1062,17.1,16.4,64.3,84.8,463.8,2140.8,3202.3,1725.3,4475.3
"216","Heinävesi",43.2,3455,-1.7,11.3,52.1,36.6,0.2,1.9,-61,-24,942,1810,83.6,20.1,60.7,19.1,1085,62.3,77.8,16.3,43.8,218.4,1079,13.4,20.1,63.9,99.4,680.2,5035.9,6621.7,1649.5,5090.9
"217","Rautjärvi",55.8,3436,-1.1,9.9,53.9,36.2,0.1,2.5,-46,-9,966,1855,84.4,19.2,61.4,16.1,1064,59.1,57.2,19.3,44.8,222.9,916,8.3,37.9,53.1,86.1,683.1,1781.1,3371.7,1920.8,4291.3
"218","Paltamo",59.5,3435,-1.6,13.2,56.4,30.4,0,1.2,-25,-39,932,1717,93.1,25.3,65.2,17.8,1101,59.9,56.1,18.3,39.2,212,923,9.2,17.3,71.9,83.8,371.5,3963.9,5578.5,1827.9,4301.6
"219","Posio",39.7,3310,-3.3,8.8,54.4,36.9,0.2,1.1,-60,-64,952,1599,90.4,17.8,62.7,16,1024,59.4,79.3,19.4,45.6,223.2,914,21.7,16.6,60.3,89.3,1193.1,3958.6,5539,1722.7,5084
"220","Rautalampi",48.1,3255,-1,13.6,53.4,33,0.1,2.5,-42,-5,884,1621,90.1,20.8,64.4,19.8,1079,64.7,64.4,12.6,39.7,201.7,908,18.9,17.4,61.7,84.2,560.1,3110.9,5486.3,1721.4,4400.6
"221","Veteli",49.5,3216,-1.3,16.2,55.6,28.3,1.6,1.3,2,-56,911,1427,96.8,16.7,67.2,21.2,1281,74.2,59.7,7.4,33.4,151.1,1087,22.9,21.3,54.3,84.9,253.1,4968,7934.7,2047.6,3905.8
"222","Virolahti",45.7,3207,-1.8,13.4,56.3,30.3,0.4,4.4,-32,-33,905,1581,95.7,19.1,65.2,19.1,1162,66.4,53.4,13.8,36.9,176,1171,10.8,7.3,80,100.8,671,4989.1,7318.4,2043.7,3166.5
"223","Toholampi",51.6,3192,-1.2,19.6,55,25.4,0.1,1.2,-13,-35,869,1321,96.3,14.8,63.3,18,1172,71.6,66,8.5,30.3,172.4,1040,22.5,23.3,52.3,88.7,541.7,4834.9,9670.1,2154.8,3543.2
"224","Pyhäjoki",69.7,3189,0,17.9,54.2,27.8,0.4,1.2,-10,9,887,1397,97.3,16,69.6,20,1143,70.3,47.4,10.1,32.5,179,890,10,35.3,52.4,77.9,571.3,3211.7,5789.3,2252.1,3385.7
"225","Merikarvia",58,3156,-0.4,14.1,52.5,33.4,0.4,0.9,-25,3,873,1509,85.8,19.6,60.5,18.8,1060,66.4,66.7,14,40,197.7,909,12.9,34.4,50.3,85.8,328.3,347.3,763.3,1941.7,4329.5
"226","Lappajärvi",51.9,3140,-1.1,14,53.8,32.1,0.5,3.7,-36,-48,877,1417,89.1,15.8,67.5,20.4,1093,67.6,68.3,10,38.7,187.3,1018,20.1,19.2,59.3,93.1,421.7,3705.7,5865,1833.4,4094.3
"227","Simo",53.7,3110,-1.9,14.6,54.8,30.5,0.2,0.9,-22,-37,915,1419,97.7,13.2,66.5,20,1052,65.5,40.8,12.7,38,195.6,613,9.8,13.4,74.9,58.3,604.8,1777.2,3006.4,1878.5,3813.2
"228","Tervola",40.1,3068,-1,15.6,55.7,28.7,0.3,1.7,-40,-13,826,1473,95.8,21.7,68,17.8,1038,63.9,64.6,16.8,34.7,195.6,940,15.7,23.8,58.6,90.6,647.3,846.2,2192.6,1833.4,4221.3
"229","Lemi",53.2,3063,-0.4,17.9,57.5,24.6,0.1,1,-5,-8,878,1350,97.4,13.5,67.6,23.4,1208,71.9,28.1,11.8,29.3,153.6,550,12.7,20.5,63.5,45.5,9.8,1497.6,3379,1632.1,3309.2
"230","Kaavi",46.2,3048,-3.4,12.3,54.2,33.5,0.1,1.6,-40,-59,827,1566,87.7,21.1,60,13.2,914,57,58.8,15.5,43.5,233.5,857,11.2,27.8,58.9,93.8,61.7,2869.4,5646,1595.1,5364.2
"231","Padasjoki",51.1,3027,-1.5,11,51,38,0.4,1,-35,-9,844,1573,83.6,22.3,59.6,17.7,1006,66.8,57,13.2,43.6,200.9,753,11.8,23.9,62,74.9,686.5,2827.2,4086.2,1482.3,4388.5
"232","Sauvo",41.9,3007,-1.3,16.7,58.6,24.7,2.4,1.9,-14,-26,876,1368,96.4,12.7,69.8,27,1282,76.1,37.8,6.9,29.8,134.6,742,20.6,20.6,55.5,57.9,235.5,2646.2,3986,1714.7,3065.2
"233","Vimpeli",69.1,2974,-1.7,15.3,57.5,27.2,0.1,0.5,-20,-39,821,1320,94.3,16.5,67.1,21.2,1116,69,65.7,9.7,33.9,166.5,977,9.2,36.7,52.2,87.5,614,3208.1,5445.5,1518.8,3910.6
"234","Punkalaidun",41.8,2949,-1.8,13.1,54.6,32.3,0.1,2.6,-43,-68,772,1464,91.5,17.6,63.4,19.7,1070,70,59.2,7,38.4,175.6,895,23.8,25.7,48.9,83.6,521.5,319.1,1488.6,1762.3,4070.2
"235","Vaala",42.2,2941,-3.3,12,54.3,33.7,0.1,1,-50,-53,794,1516,91.1,21.9,65.6,17.8,924,61.2,72.6,17.4,42.9,218.3,887,15.6,16,66.9,96,706.2,3532.5,4936.1,2242.1,4791.6
"236","Hartola",54.1,2882,-1.4,10.2,53.9,35.9,0,2.8,-21,-33,757,1553,86.3,21.4,58.1,17.6,999,67,70.3,13.3,41.7,188.5,1149,15.3,27.8,55.6,115,469.5,4673.1,10403.9,1523.6,4431.6
"237","Perho",39.4,2860,-1.6,25.9,51.7,22.4,0.4,0.6,17,-62,699,1060,97.2,18.5,60.6,13.8,950,69.5,76.6,9.8,27.2,201.1,878,17.8,28.7,51.6,92.4,526.6,4596.9,5321,2391.6,3690.2
"238","Reisjärvi",41.9,2813,-1.4,19.1,55.8,25.1,0.1,0.7,-18,-16,721,1194,97.7,20.4,61.5,17.7,1034,70.4,71.9,9,31.7,172.1,930,26.9,18.2,54.1,89.9,287.6,10508.4,10676.1,2136.2,4033.4
"239","Utajärvi",47.7,2768,-2,16.1,55.5,28.4,0,1.8,-28,-47,730,1266,94,16.9,64.8,15.1,935,64,66.2,14.7,36.5,196,910,12.7,18,67.1,97.3,903.2,3391.6,4850.1,2287.6,3817.2
"240","Konnevesi",40.3,2748,-0.2,13.9,54.2,31.9,0,0.7,-10,-3,753,1339,91.4,21.1,64.8,18.2,988,68.6,56.5,13.6,37.9,178.1,767,18.5,9.5,70.3,77.6,-44.4,7839.5,9833.7,1675,4380.6
"241","Lapinjärvi",29.4,2706,-1.2,14.6,56.7,28.7,31.2,5.1,-19,-15,767,1276,95.3,19.6,61,18.9,1078,73.1,50,10.8,33.4,151,893,22.3,21.6,53.9,82.8,-85,2585,5426.8,1884,3635.3
"242","Puolanka",56.3,2669,-2.4,9.6,54.6,35.8,0.1,1.9,-49,-23,720,1379,90.6,23.3,60.6,16.2,793,56.1,78.2,18.6,45.6,236.6,740,24.1,6.6,67.6,93.3,849,2398.7,3695.8,1815.3,5885
"243","Kärsämäki",45.6,2611,-1.7,18.7,54.9,26.4,0.1,0.7,-17,-22,668,1138,96.5,21.4,63.4,13.7,900,67.4,67.8,12.8,33.4,190.1,903,24.5,18.7,55.4,100.3,437.8,4943.7,7767.9,2286.1,3874.4
"244","Alavieska",52.6,2610,-1.1,19.6,57.3,23.1,0.2,0.6,-5,-24,660,1119,97.8,19.9,67,17.5,1004,71.5,47.3,8.7,28.7,160,750,24.7,20,53.1,74.7,276.2,2988.9,3182.4,1837.5,3995.8
"245","Tuusniemi",40.5,2597,-1.7,11,55.9,33,0.1,1.3,-42,-19,703,1362,89.4,16.3,65.9,17.7,843,59.7,52.2,16,43.3,208.1,626,20.6,15,61.3,74.3,515.6,1655.8,3383.9,1678.5,4720.8
"246","Sulkava",41.9,2588,-2.7,9.6,53.2,37.2,0.1,2,-55,-26,709,1326,93.8,19,61,18.9,850,64.2,69.2,16.2,43.9,204.5,798,16.2,18.5,62.4,93.9,1032.1,1945.1,2984.2,1730.7,4535.5
"247","Finström",41.5,2580,-0.5,18.1,61.3,20.6,89.8,10.5,13,-26,737,1130,90,15.4,62.7,19.9,1281,83.2,29.7,3.3,22.8,101.4,858,10.1,30,56.1,67,560.9,2753.1,4795.3,2472.9,1553.1
"248","Evijärvi",35.7,2499,-1.4,16,57.4,26.6,2,2.5,-13,-28,700,1100,95.6,15.7,63.1,16.9,1023,74.9,62.4,7.3,32.3,144.3,916,24.5,22.8,51.1,89.5,286.9,1980.8,2915.2,2013.6,4055.2
"249","Karvia",32.8,2403,-1.9,12.4,55.1,32.5,0.1,2.5,-21,-28,648,1165,95.2,18.9,60.4,12.5,864,67.5,68.9,13.1,38,178.1,753,25.2,31.1,42.2,87.2,423.2,1373.3,4449.9,1702.9,3851.4
"250","Toivakka",40.1,2384,-2,19.1,53.9,27.1,0,0.8,-14,-40,666,1070,96.6,13.9,68.2,24.7,917,74.4,39.4,11.6,31.2,160,586,5.5,33.3,59,63.9,597.7,2909.8,4039,2014.3,3396.8
"251","Ypäjä",40.8,2372,-0.4,13.4,59.4,27.1,0.7,1.9,-22,7,668,1164,92.1,17.3,67.9,18.2,968,71.2,42.6,9.6,32.2,145,625,19.8,17.4,60.2,64.6,364.7,949.8,1842.7,1571.7,3250.4
"252","Koski Tl",53.4,2359,-2.4,14,54.2,31.8,0.3,4.1,-23,-25,655,1174,89.2,15.5,63.2,19.2,919,75.5,59.4,7.5,36,156.7,924,18.4,26.6,53.6,100.5,649.9,0,642.2,1809.2,3675.3
"253","Muonio",50.6,2332,-0.8,15.7,58.7,25.5,0.6,3.3,-8,-16,628,1012,93.4,18.9,71.7,22.6,983,74.2,83,7.8,29.5,137.2,1031,2.1,6.1,90.2,104.9,654.4,3325,4120.9,2279.2,4180.1
"254","Hyrynsalmi",55.3,2326,-3.3,9.1,53.7,37.3,0.2,0.7,-50,-36,658,1206,91.6,19,62.1,15.3,730,59.5,63.4,18,46.4,218.6,587,15,11.9,71,80.4,776,1800.9,3939,1691.7,4981.5
"255","Vehmaa",46.8,2316,1.7,13.4,59,27.5,0.6,1.8,-16,49,656,1123,90.7,14.9,67.2,18.3,1004,76.2,45.3,7.6,32.9,130.7,741,18.2,21.3,59,73.8,313.9,3648.5,4830.3,1535,3646.4
"256","Keitele",48.5,2309,-1.6,11.9,55,33.1,0.1,1.6,-22,-13,641,1149,91.2,21.1,63.1,16.6,820,67,81.7,10.1,41.1,181.6,1036,10.6,38.5,49.4,126.3,-53.7,2912.9,7695.1,1599,4439.2
"257","Humppila",60.1,2290,-2.3,14.5,59.3,26.2,0.3,1.8,-26,-44,635,1110,79.3,15,64,18.2,908,70.9,43.4,9.9,31.8,152.2,619,14.5,25.2,58.2,68.2,175.1,2085.2,3275.1,1605.2,3755.5
"258","Kuhmoinen",56.3,2252,-1.5,8.3,49.3,42.4,0.2,1,-41,3,590,1250,79.7,21,61.6,19.2,700,66.1,68.1,14.2,48.6,221.7,591,15.4,19,63.3,84.4,1053.3,360.6,3373,1672.7,4268.2
"259","Rääkkylä",26.6,2240,-1.2,9.7,53.2,37.1,0.1,2,-23,-5,628,1179,97.5,18.9,65.1,15.3,663,56.6,64,17.7,45.8,237.9,532,27.3,12,57.9,80.2,671.9,1862.1,3676.3,1274.1,4864.3
"260","Hirvensalmi",35.7,2236,-1.7,10.9,55.5,33.6,0.4,1.8,-28,-21,604,1176,95,18.5,61.1,18.8,739,61.8,55.5,15.9,40.9,202.6,587,19.3,26.7,50.4,79.4,539.8,193.6,3693.2,1474.1,4430.7
"261","Puumala",50.1,2208,-1.2,8,52.2,39.8,0.2,1.4,-43,1,611,1159,85.2,18.3,64,20.9,761,67.3,70.6,12.2,46.3,190.1,626,21.6,12.9,62.9,82.3,1058.9,737.3,2438,1595.6,4448.4
"262","Pomarkku",61.7,2166,-3,15.1,55.4,29.5,0.1,0.7,-29,-41,605,1012,94.6,15.3,60.6,18.9,779,68.2,43.3,11,36,178,563,8.9,31.3,56.7,72.3,60.9,1957.1,2435.8,1973.2,4285.8
"263","Korsnäs",67.2,2154,-0.8,14.7,58.3,27,85.8,9.1,-14,-31,625,922,95,15.5,65.7,23,946,77.8,55.6,7.9,29.4,127.7,731,18.9,17,61.3,77.3,692.7,738.2,1643.5,1985.6,3520.9
"264","Soini",46.9,2114,-3.3,16.1,54.5,29.3,0.2,0.4,-12,-62,579,940,96.5,16.5,59,17.3,748,68.7,69.7,11.5,35.1,182.6,760,14.6,27.4,55.9,101.6,680.7,4475.4,6557.7,1510.9,4021.8
"265","Vesanto",40.2,2094,-2.5,10.3,50.9,38.8,0.2,1.3,-38,-22,585,1092,94,20.9,58.7,15.8,677,65.5,65.4,13.9,46,209.3,557,23.2,8.4,67,82.3,446,3503.8,6559.7,1691,5038.7
"266","Lumijoki",64.3,2081,-1.1,29.2,54,16.8,0.1,0.8,7,-33,500,761,98.2,17.2,68.9,20.4,741,71.2,37.9,10.6,21.3,180.8,478,15.9,22,60.5,64.5,260,3021.1,4194.6,2056.7,3276.8
"267","Pyhäranta",42.9,2077,0.1,14.9,58.3,26.8,0.3,0.8,-8,6,623,953,97.1,7.8,66.9,20.9,874,75.7,25.1,7.4,31.2,137.6,488,7.6,50.2,40.6,55.8,474.2,1422.7,1978.8,1603.8,3402.5
"268","Ålands skärgård",0,2056,-3.1,10.5,56.5,33,83.5,10.7,-21,-50,539,1020,83.4,18.2,61.6,24.8,940,82.7,58.8,3,33.7,118.7,715,16.4,11,66.2,76.1,830.3,2227.6,0,2594.8,2555
"269","Isojoki",39.2,2032,-2.3,12,55.6,32.4,1,3.4,-19,-36,535,1016,94.7,17.8,57.5,13.9,794,73.7,69.9,7.8,37.6,155.9,698,22.6,25.4,49.7,87.9,526.1,781,1726.4,1598.9,4832.2
"270","Lemland",29.3,2028,0.8,18.9,63.7,17.4,92.1,8,8,5,616,819,96.2,10.9,71.9,30.4,1049,85.2,20.7,2.8,18.9,93.3,361,4.7,18.6,66.8,34.4,630.2,1006.9,0,2938.4,1094.7
"271","Miehikkälä",30.3,1992,-2.1,10.9,53.5,35.6,0.3,3,-26,-11,553,980,96.4,18.8,57,13.9,653,64.6,47,12.7,43.2,205.1,465,26,4.9,67.5,71.2,753,4271.1,4902.1,1615,3776.6
"272","Marttila",44,1988,-1.6,15.7,57,27.3,1.1,1.8,-19,-12,544,948,94.2,14.3,65.2,20.6,806,73.5,39,6.2,31.8,146.7,523,19.1,18.7,59.1,64.9,561.9,1054.8,1784.7,1628.8,3335
"273","Myrskylä",48.2,1969,-0.9,16.4,56.8,26.8,9.2,2.6,-16,-10,561,892,95.4,15.8,65.5,19.6,794,72.9,41.6,12.2,30.7,148,457,23.4,20.4,53.6,57.6,83.3,976.1,1242.8,1413.9,3763.8
"274","Kihniö",34.9,1967,-1.4,13.4,56.4,30.2,0,1.3,-15,-26,559,903,96.8,17.2,61.8,14.7,721,67.8,71.3,13.3,36.2,172.8,666,11.3,35,52,92.4,277.6,4811.9,5451.4,1427,4250.1
"275","Pukkila",40.1,1940,-2.4,17.3,60,22.7,0.9,2.7,-5,-45,524,862,96.1,13.9,66.5,18.1,820,74.6,36,10.8,26.2,136.6,497,16.1,23.3,57.5,60.6,423.2,2728.4,3045.4,1829.9,2909.8
"276","Juupajoki",46.2,1904,-2.7,15.9,54.1,30,0.1,0.6,-13,-39,531,897,88.7,17.8,64,18.9,706,71.5,52.8,11.9,35.3,169.7,703,10.8,43.2,44.2,99.6,517.9,1719,3182.8,1641.3,3749.5
"277","Enontekiö",30.7,1893,1.1,12.8,61,26.1,0.7,3.3,-17,13,510,851,95.8,20.3,69.4,20.6,725,64,77.1,19.2,32.3,161.1,646,10.5,11.6,73.2,89.1,607,2383,5492.3,2375.6,4280
"278","Saltvik",51.6,1873,1.8,17.6,59.9,22.5,91.9,6.3,1,20,534,826,97.3,15.7,64.2,19.7,921,84.8,25.1,3.1,24,103.4,471,11.3,39.3,43.9,51.1,607.6,1282.4,0,2501.9,1754.4
"279","Jämijärvi",35.1,1867,-2.5,15.1,55.6,29.4,0.2,1.7,-28,-22,519,836,96.1,11,64.4,17.8,708,71.6,44.8,8.9,34.7,163.7,458,25.8,25.3,46.3,64.7,163.9,3147.3,3789,1610.6,3896.6
"280","Pertunmaa",42.9,1739,-3.2,12.1,52.7,35.3,0.1,2.9,-32,-45,453,923,94.5,19.9,59.6,16.1,595,66.9,67.6,13,42.3,192.3,637,17.9,25.4,54.9,107.1,466.4,3848.2,5296.1,1872.3,4192.6
"281","Honkajoki",43.7,1707,-3,13.8,58.7,27.5,0.3,6.4,-18,-41,487,810,95.9,22.5,58.2,14.7,674,69.1,66.2,9.8,33.6,153.3,650,29.4,26.2,42.5,96.4,191,1810.8,2962.5,1750.4,3763.3
"282","Rautavaara",43.9,1698,-1.5,10.1,52.6,37.3,0,0.5,-22,-3,440,875,90.9,23.8,55.9,12.2,500,57.5,68.6,15.8,47.5,239.6,444,16.2,11.5,71.2,88.8,1029.4,7445.8,10235.6,1614.8,5402.8
"283","Kinnula",50.1,1656,-2.5,17.1,53.2,29.7,0.1,1.1,2,-43,436,711,96.6,17.4,57.8,16.2,498,59.2,69.9,19.4,37.9,232.5,434,19.8,10.1,68,87.1,763.9,3562.8,4818.8,2079.1,4147.3
"284","Taivassalo",39,1654,2,14.1,54.3,31.6,0.7,3.9,-21,40,480,816,89.7,15.1,63.6,20,664,75.5,49.5,8.5,36.8,149.1,495,16.2,28.5,53.3,74.5,902.1,4860.3,5831.3,1713.4,3640.3
"285","Multia",47.1,1636,-1.6,14.6,52.8,32.6,0.1,1,-23,-4,441,776,93.6,18.2,65.1,18,545,66,59.4,10.9,39.6,200.2,598,25.9,26.3,46.2,109.7,292.8,855.1,1797.1,1789.1,4449.3
"286","Tervo",35.6,1585,-1.6,9.1,55.3,35.6,0.1,1.1,-16,-8,439,807,91.9,18.2,63.2,16.9,549,64.5,51.5,13,43.8,188.7,424,19.8,11.1,65.8,77.2,248.6,3439.1,7755.2,1516.1,5033.4
"287","Pyhäntä",55.8,1579,0,21.5,57.3,21.2,0,0.7,4,-11,405,654,98,23.7,67.2,17.4,596,69.5,82.7,10.6,27.5,164.9,779,7.7,63,28.4,130.7,828.4,1962.6,4853.1,2350.2,3418.6
"288","Hammarland",43,1547,2.6,17.8,60.4,21.7,89.7,11.6,3,17,463,698,93.6,20.2,62.1,19.3,757,83.4,26.8,4.2,22.9,104.4,323,16.1,17.6,57.9,42.7,252.1,3.9,0,2574.7,1895.9
"289","Siikainen",29,1476,-1.2,12.4,53.2,34.4,0.2,0.9,-17,-1,410,706,97.3,15.3,60.8,14.9,473,63.4,60,15.1,40.9,212.1,386,22,39.4,36.3,81.6,600.9,1440.4,1628,1668,3949.9
"290","Enonkoski",39.9,1416,-2.5,12.1,50.6,37.3,0.1,1.4,-18,-21,404,695,96.3,18.7,63,18.2,466,65.6,53.6,15.7,42.1,203.9,373,20.6,5.1,70.2,80,456.2,0,766.2,1607.3,4774.7
"291","Kannonkoski",36.9,1408,-1.1,13.6,52.9,33.5,0.1,1.3,-20,1,372,672,93,18.2,59,16.3,451,63.5,63.6,15.1,40.1,212.2,398,19.8,16.1,63.1,88.2,995.7,5911.2,7498.6,1785.5,4530.5
"292","Oripää",50.7,1382,1.4,18.4,56.2,25.5,0.1,5,-4,16,368,629,92.5,16.1,58.8,17.8,545,73.5,46.6,7.2,30,153.6,449,26.1,23.6,48.3,82.4,8,2682.3,3209.1,1709.1,3875.5
"293","Kyyjärvi",57.7,1352,-1.7,15.2,54.2,30.5,0.1,1.2,-13,-20,362,622,96.3,19.9,57.5,15,454,66.1,69.2,13.5,37.8,197.8,483,10.1,41.4,47,106.4,427.5,7597.6,11081.4,2082.1,4173.8
"294","Karijoki",38.1,1329,-1.5,11.4,56.2,32.4,1.7,1,-1,-19,371,672,98.1,14.3,61.2,12.1,536,73.9,52.1,8.1,38.7,147.9,418,29.4,27.8,40.7,78,545.5,1509.4,2234,1413.8,4356.7
"295","Ristijärvi",43.4,1317,-2.1,10.1,53.2,36.8,0,0.5,-12,-20,357,665,95.9,21.7,67.3,21.2,456,66.7,48.2,12.5,44.2,188.8,303,18.5,6.3,74.3,66.4,352.3,3824.6,5104.8,1635.5,5597.6
"296","Kaskinen",99.3,1274,-1.7,10.8,50.7,38.5,29.9,5.3,-10,-16,372,658,69.9,18.7,66.2,24.2,439,68.9,55.1,9.9,42.9,190.2,459,3.5,37.5,57.7,104.6,484.3,3093.4,4292.8,1749.6,4686
"297","Utsjoki",26.1,1242,0.1,15.1,56.6,28.3,0.2,3.8,-6,-2,313,591,91.7,27.1,65.9,25.8,486,70.4,82.7,9.3,33.1,155.6,473,10.6,4.2,76.1,97.3,1590.2,4111.1,5279.4,2613.5,4374.4
"298","Halsua",41.3,1171,-3.9,13.9,54.3,31.8,0.8,2.6,-19,-33,321,520,98.3,20.2,57.6,16.2,452,75.7,71.2,7.9,36.1,159.1,421,28,21.1,48.9,93.1,368.9,3374.9,12273.3,1928.3,4131.5
"299","Kivijärvi",53.6,1132,-2.5,12.8,50.9,36.3,0,1.2,-13,-25,305,539,90.9,16.3,56.9,11.1,350,63,55.4,12.1,44.3,223.4,231,17.3,12.1,68.4,66,796.8,4026.5,6864.8,1931.1,4830.4
"300","Merijärvi",38.3,1119,-1.1,22.9,54.8,22.3,0,0.7,2,-14,266,432,98.8,18.1,60.7,11.9,384,67.4,48.2,10.7,27.8,191.4,255,28.2,12.9,57.6,66.4,323.5,2675.6,4106.3,2084,3452.2
"301","Sund",0,1031,2.5,15,59.7,25.2,88.8,8.5,-6,9,305,491,95.1,16.7,64.4,21,517,84.9,24.2,4.4,25.8,99.4,234,12.4,13.2,67.1,45.3,883.6,1646.9,0,2522.8,1935
"302","Savukoski",38.7,1012,-3.1,10.1,58.1,31.8,0.2,0.5,-23,-9,279,496,96.6,19.4,66.9,19.5,369,64.9,71.8,16.7,38.2,174.3,334,38.6,5.7,54.8,90.5,606.7,1948.6,2381.4,2326.1,4960.5
"303","Hailuoto",53.5,967,-2.7,12.6,50.1,37.3,0,0.9,-5,-26,259,487,97.3,12.1,74.6,31,340,72.2,54.7,9.8,43.3,184.4,246,22.4,9.3,66.7,72.4,901.8,2308.2,3308.2,1741.5,4557.4
"304","Pelkosenniemi",38.9,958,0.7,10.1,56.4,33.5,0.2,2.5,-11,-6,262,484,95,23.3,71,22.2,351,64.2,66.1,17.4,41,172.9,369,3.5,10,85.4,105.1,800.6,2521.9,4259.9,2058.5,5809
"305","Eckerö",41.8,948,2.2,13.9,61.3,24.8,89.7,11.5,5,-5,277,454,91.2,15,64.5,19.2,469,82,42.4,3.9,26.4,102.1,294,15.6,13.9,61.6,62.7,620.3,644.5,0,2123.4,2368.1
"306","Kustavi",36.8,923,1.7,8.5,53.5,38,1.4,2.9,-14,16,257,487,92.2,20.1,64.1,23.3,337,68.7,52.2,12.9,43.3,173.9,276,17,21.4,58.3,81.9,1005.4,2165.8,4775.7,1349.9,4178.8
"307","Lestijärvi",36.9,789,-2.7,15.6,55.1,29.3,0.1,2,-7,-15,213,348,97.1,21.8,61,19.7,272,65.7,68.4,11.1,35.9,190.1,288,41.3,13.5,42.7,105.9,223.1,2329.5,5166,1950.6,4207.9
"308","Luhanka",0,734,-2.9,9.8,48.9,41.3,0,0.4,-20,-3,195,372,96.5,14.8,58.3,20.7,238,68.1,48.3,10.9,47,208.4,167,23.4,18,56.9,70.2,863.8,3045,4310.6,1186.6,4479.6
"309","Föglö",0,532,-5.2,11.7,57.3,31,84.2,17.3,-9,-13,130,255,91.4,17.6,55.7,17.4,250,85,65.2,1.6,30.3,112.8,223,6.7,7.6,82.1,89.2,1125.9,1203,0,2778.2,2563.9
"310","Geta",0,495,-0.8,15.6,61.4,23,86.9,13.5,-6,-8,132,228,96.1,14.5,60,18.7,236,79.4,40.3,6,24.8,109.7,139,18,13.7,56.1,58.9,8.1,1466.7,0,2519.2,3290.9
"311","Brändö",0,452,-4,10.6,56,33.4,72.6,8.4,-3,-18,119,227,95.6,19.8,64.4,31.2,205,80.8,60.5,3.8,35.6,120.5,139,25.9,12.9,54,67.8,1066.4,522.1,0,2533.2,1781
"312","Vårdö",0,430,-2.1,13.7,53.7,32.6,88.1,9.5,1,-8,122,199,94.5,15.6,65.2,24.5,190,86.8,46.3,2.6,32.1,126.3,126,37.3,16.7,37.3,66.3,337.2,1888.4,0,2858.1,3190.7
"313","Lumparland",0,395,2.6,15.9,57.7,26.3,86.6,9.9,-3,11,124,176,93.8,9.1,66.9,27.7,197,86.7,32.5,2,27.1,100.5,101,14.9,5,68.3,51.3,810.1,4121.5,0,2668.4,1741.8
"314","Kumlinge",0,314,1.9,9.6,57.3,33.1,85.4,8,-4,-2,82,164,90.9,18.3,59.9,22.9,140,77.5,58.6,4.8,36,124.3,103,7.8,2.9,76.7,73.6,961.8,1831.2,0,2570.1,2127.4
"315","Kökar",0,236,-4.1,6.8,58.5,34.7,87.7,8.1,-5,-5,64,121,93.4,24,64.1,29.1,111,82.8,67.6,3.5,33.9,112.6,100,4,18,74,90.1,690.7,8788.1,0,2457.6,2694.9
"316","Sottunga",0,92,-4.2,1.1,59.8,39.1,93.5,5.4,-1,-4,22,54,94.4,11.1,64.8,31.9,44,78.8,47.7,2.2,42.4,109.1,24,29.2,8.3,62.5,54.5,173.9,2641.3,0,1043.5,4434.8
