KOKO MAA;86.5;5548241;0.3;15.4;61.6;23.1;5.2;5.3;-9025;0;1467653;2766679;38.4;34.4;74.2;32.6;2284673;69.5;65.2;13.3;26.0;142.2;2373526;2.7;20.7;75.1;100.0;738.8;3448.4;7453.8;2078.8;3622.3
Akaa;87.9;16467;0.5;16.3;58.9;24.8;0.2;1.9;-58;-45;4521;7857;72.6;22.2;71.1;25.5;6571;71.5;46.2;12.7;27.8;149.4;4857;3.0;35.9;59.2;70.4;1066.9;3199.6;4623.2;1801.7;3252.7
Alajärvi;61.6;9311;-1.1;16.9;53.5;29.5;0.1;2.7;-65;-122;2577;4087;91.6;17.7;67.9;22.3;3301;67.9;76.0;12.1;33.3;185.3;3462;10.7;28.5;58.7;100.1;599.7;2942.5;5437.3;2322.5;4142.8
Alavieska;51.6;2491;-1.0;19.4;54.9;25.7;0.2;0.6;-4;1;666;1091;98.2;19.8;69.4;18.7;976;73.6;44.6;11.3;29.0;157.9;710;22.3;22.3;53.5;72.4;783.1;3973.0;4469.2;2028.2;4153.8
Alavus;60.8;11197;-1.2;16.4;53.9;29.7;0.1;1.3;-39;-106;3071;5236;86.6;22.5;67.6;19.9;4206;70.7;76.2;9.7;33.0;169.4;4295;8.8;22.2;67.6;99.4;456.8;4029.7;7135.7;1990.8;4354.0
Asikkala;65.0;8033;-0.3;13.3;52.4;34.3;0.2;1.9;-63;27;2313;4039;77.1;20.6;70.4;27.0;2872;70.4;47.8;12.1;37.9;180.6;2237;8.9;29.5;58.5;75.4;1072.8;241.3;1623.5;1752.7;3559.3
Askola;54.0;4847;-0.6;18.4;60.7;20.9;3.7;2.1;-13;-52;1383;2110;96.4;13.6;70.2;22.7;2173;77.2;32.9;9.8;23.3;124.5;1390;7.6;34.8;54.6;62.0;845.6;5124.4;6696.4;2209.7;3248.3
Aura;70.5;3955;-0.1;18.8;59.5;21.7;0.6;2.0;24;-7;1143;1790;94.5;14.0;71.2;23.7;1774;78.5;30.1;9.3;23.8;123.2;1198;5.3;32.6;59.7;65.4;790.9;3115.2;3688.3;1764.6;3209.4
Brändö;0.0;449;0.0;8.9;57.2;33.9;72.2;9.6;-3;3;117;229;96.1;17.5;65.5;32.0;204;77.1;62.9;6.8;33.6;120.1;143;23.1;9.8;58.0;69.8;260.6;327.4;0.0;2452.1;2536.7
Eckerö;42.6;933;-2.6;14.0;58.0;28.0;88.2;12.2;2;4;275;462;92.9;13.6;66.3;21.1;405;71.8;39.5;12.5;27.9;136.5;278;18.0;12.6;60.8;62.8;502.1;565.8;0.0;2128.4;2851.8
Enonkoski;39.2;1362;-0.5;12.1;48.8;39.1;0.1;1.8;-13;16;392;700;95.4;21.9;66.2;18.1;470;70.4;55.4;13.9;41.9;191.3;365;23.3;5.8;68.2;79.9;1097.2;0.0;824.7;1553.0;4740.0
Enontekiö;29.2;1789;-1.1;11.9;57.6;30.6;0.8;3.0;-17;-19;483;838;96.3;21.2;72.8;22.8;676;63.6;75.6;21.6;32.6;167.5;648;10.6;12.7;72.7;87.9;639.9;2762.7;5577.4;2677.0;4950.2
Espoo;99.3;297132;1.5;18.4;66.4;15.2;6.7;13.0;1384;-602;78406;132797;38.9;39.5;76.6;47.6;133254;71.8;48.8;11.5;16.7;119.7;126820;0.1;15.9;82.3;91.6;1039.7;4236.7;14637.8;2515.2;2866.7
Eura;72.6;11417;-0.6;14.9;56.4;28.7;0.2;3.2;-109;-51;3185;5579;87.8;18.2;66.6;22.2;4587;74.7;56.2;11.2;31.9;150.3;4208;7.6;40.6;50.2;88.7;690.2;3448.7;5253.5;1912.7;3740.3
Eurajoki;63.4;9334;-1.2;16.7;56.6;26.7;0.3;2.9;-35;82;2741;4163;92.9;12.6;70.7;27.3;3848;75.4;42.9;9.4;29.2;145.6;3728;4.2;49.0;46.1;94.8;408.2;1106.1;1696.4;2238.9;3906.8
Evijärvi;35.9;2404;-0.2;16.2;53.9;29.9;2.0;3.0;-10;-5;667;1096;95.7;16.1;65.3;17.7;935;73.4;62.4;7.7;33.3;157.5;854;24.0;25.9;48.5;88.3;122.5;4028.2;5443.5;2299.4;4518.7
Finström;42.5;2638;1.3;17.8;60.0;22.2;89.9;11.6;-15;-8;750;1147;90.9;17.4;64.3;20.5;1182;78.1;32.2;8.2;23.5;120.2;923;9.4;28.0;59.3;74.9;312.3;2165.2;2609.7;2616.6;1863.6
Forssa;91.2;16573;-1.4;11.7;56.1;32.2;0.3;4.4;-147;13;4357;9315;45.2;32.5;68.2;22.9;6139;66.9;72.2;13.1;36.0;173.7;8061;1.9;34.8;62.3;128.1;647.3;3143.7;4027.8;1719.2;4048.5
Föglö;0.0;501;-4.8;13.8;53.9;32.3;84.2;18.8;-2;-8;124;253;90.9;20.2;57.3;17.4;232;79.8;67.2;3.7;29.5;126.7;213;8.0;6.1;81.2;87.3;-66.5;813.7;0.0;2692.0;3233.8
Geta;0.0;505;-1.2;15.8;60.8;23.4;85.5;14.5;-2;7;141;226;96.9;13.7;61.2;18.8;231;74.0;40.9;10.5;23.1;121.2;143;16.1;13.3;59.4;60.3;236.8;1700.6;0.0;2395.3;2984.3
Haapajärvi;69.9;6802;-1.4;17.8;56.0;26.2;0.1;1.2;-23;-90;1798;3181;83.2;24.2;67.9;20.9;2573;70.1;77.3;11.5;30.4;168.0;2823;9.0;25.5;63.9;106.7;529.0;6068.9;9184.0;2155.2;4520.4
Haapavesi;59.9;6613;-0.8;19.5;55.5;25.0;0.0;2.2;3;-112;1694;2918;91.4;21.0;70.1;17.6;2383;68.5;76.0;13.2;29.1;179.8;2651;12.4;32.5;53.8;105.0;485.4;4649.9;6462.1;2268.9;4180.7
Hailuoto;52.6;950;0.1;12.1;48.2;39.7;0.0;1.4;-14;3;256;488;98.2;15.4;77.7;33.1;332;72.8;54.5;9.8;43.0;185.8;237;25.3;10.5;62.0;71.4;534.2;2364.6;4181.2;1964.2;4977.9
Halsua;42.8;1083;-1.8;13.6;50.9;35.5;0.6;3.9;-11;-15;310;510;98.0;21.4;61.0;17.6;402;72.5;70.0;10.9;38.4;174.4;396;27.8;23.0;47.0;93.4;913.0;4244.8;12410.7;2082.5;4464.2
Hamina;87.7;19702;-0.9;12.7;56.7;30.6;0.3;3.6;-167;-123;5541;10272;72.0;24.3;71.4;25.1;7470;68.6;55.3;14.4;35.2;166.1;6277;2.9;21.0;74.2;81.5;1004.0;4256.2;8526.0;2025.3;4290.6
Hammarland;41.7;1619;1.3;17.1;60.4;22.5;88.3;13.3;-4;-23;469;713;93.1;20.2;64.4;20.3;710;76.2;27.2;8.4;23.3;125.2;314;15.0;18.5;57.3;42.2;304.6;625.4;0.0;2449.0;1998.7
Hankasalmi;46.8;4683;-2.1;13.9;53.0;33.1;0.2;1.3;-62;-44;1290;2343;95.3;20.8;69.2;20.2;1663;67.4;58.0;14.1;37.3;187.6;1356;15.9;19.4;62.2;80.2;932.2;1308.7;4111.9;1851.9;4602.0
Hanko;96.4;7979;-0.8;11.8;54.6;33.6;43.1;3.5;-76;-113;2201;4287;64.8;25.9;62.4;23.0;3045;71.2;82.6;13.2;36.7;164.1;3489;0.3;35.5;62.9;110.3;1001.7;7635.3;9473.4;1797.1;4277.0
Harjavalta;93.1;6785;-1.2;13.4;54.2;32.4;0.2;3.1;-68;-8;1841;3656;71.7;24.5;68.4;23.4;2437;68.0;57.8;13.7;36.8;181.9;3657;1.1;43.3;54.8;146.5;556.1;2849.3;3821.2;1806.7;4673.8
Hartola;53.6;2621;-1.3;8.9;49.3;41.9;0.1;2.7;-36;-11;714;1487;87.2;21.2;61.6;18.5;857;64.9;64.4;13.9;45.3;209.8;897;16.2;23.9;58.2;98.8;1195.1;4244.4;9859.1;1749.5;4777.4
Hattula;75.8;9405;0.2;16.9;59.0;24.1;0.4;1.2;-32;2;2696;4258;85.6;15.9;76.3;31.5;3999;75.6;29.7;9.2;26.8;134.8;2708;4.2;18.6;74.9;66.1;547.0;3360.4;5014.5;1765.5;3005.6
Hausjärvi;64.8;8143;-0.4;16.9;60.0;23.1;0.5;2.6;-40;-47;2363;3741;90.2;15.9;72.1;25.0;3549;75.4;29.0;9.0;26.4;130.3;2009;8.9;27.3;60.9;54.7;628.0;3612.0;4015.9;1932.1;3283.2
Heinola;91.1;18344;-0.8;10.6;53.3;36.1;0.2;2.9;-203;-12;4989;10235;51.6;31.3;68.5;23.7;6239;64.6;69.3;17.9;39.7;196.5;6199;2.2;33.3;62.9;94.6;1110.0;5371.7;6265.9;1433.6;3996.4
Heinävesi;43.0;3136;-1.9;9.8;49.6;40.5;0.3;2.2;-59;-2;858;1747;84.6;21.0;63.8;21.5;1022;64.7;76.7;16.2;45.2;212.7;1031;13.9;22.2;61.1;100.2;806.0;4523.5;5609.8;1905.5;5542.6
Helsinki;99.9;658457;0.2;14.3;68.1;17.6;5.6;10.3;1293;-1044;161282;344898;13.1;49.4;77.0;45.1;301908;69.0;77.4;14.1;19.4;117.6;413677;0.1;10.2;88.4;128.7;1314.3;1510.1;8451.7;2206.2;3396.6
Hirvensalmi;34.9;2131;-1.2;10.3;51.6;38.2;0.4;1.8;-35;35;603;1140;95.4;18.0;66.0;20.6;744;66.3;50.6;14.6;41.8;189.8;590;17.1;27.6;51.5;80.3;523.2;15.3;3645.6;1535.7;4852.5
Hollola;78.8;23090;-0.7;16.7;57.5;25.9;0.3;1.8;-85;-93;6634;10726;71.4;19.8;73.1;30.4;9252;73.3;31.2;12.7;28.7;151.3;6209;5.7;26.2;65.1;64.3;1018.4;1953.9;2682.8;1969.2;3286.5
Huittinen;71.4;9870;-0.7;13.9;55.8;30.2;0.2;3.1;-72;-38;2697;5106;80.3;23.0;69.4;23.3;3966;73.3;66.7;9.4;33.5;150.6;4218;9.3;25.2;63.9;103.3;823.3;2904.2;3382.2;1823.8;3765.7
Humppila;61.7;2166;-0.4;14.2;55.1;30.7;0.1;1.5;-13;1;597;1098;80.1;15.9;67.7;19.7;852;72.3;41.4;11.4;33.2;155.2;568;15.8;22.7;59.3;65.0;420.4;2403.4;3332.6;1688.1;3797.1
Hyrynsalmi;55.5;2139;-2.7;9.2;47.4;43.4;0.2;1.1;-44;-31;622;1159;92.2;18.0;64.9;16.1;697;63.2;63.1;14.9;47.8;215.5;574;11.7;12.9;73.2;79.4;392.5;1263.3;5429.7;1634.8;5915.0
Hyvinkää;94.0;46880;0.7;14.9;61.8;23.3;0.9;4.5;-158;136;12550;23512;46.1;33.5;73.1;31.5;19976;72.0;53.5;12.8;26.1;133.2;19633;0.5;26.7;71.7;94.4;454.4;3298.1;6856.5;1923.2;3811.6
Hämeenkyrö;61.2;10337;-0.1;16.8;58.1;25.1;0.2;1.3;-13;-53;2886;4788;83.8;19.2;72.3;24.0;4151;72.0;43.1;11.3;29.1;149.2;2895;7.8;25.2;64.0;67.6;695.8;4616.0;6354.1;2011.1;3351.2
Hämeenlinna;88.2;67971;0.2;14.2;59.1;26.7;0.4;3.7;-226;285;18046;35342;53.6;33.6;74.8;32.5;27150;70.1;71.8;13.1;29.7;149.9;28520;2.6;20.7;75.3;102.6;488.2;4448.1;7509.5;1718.4;3786.7
Ii;78.1;9912;0.6;21.8;56.5;21.7;0.2;0.5;18;-17;2638;4134;95.4;17.5;72.3;23.2;3570;68.9;45.0;14.7;25.8;175.9;2410;6.3;22.2;69.0;66.5;515.6;4898.8;7036.5;2451.9;3666.7
Iisalmi;75.2;20958;-0.8;14.7;57.3;28.0;0.0;2.2;-168;-118;5722;10891;55.9;33.3;74.1;25.1;7881;66.9;77.9;16.6;32.1;168.0;9154;4.3;26.6;67.8;108.9;646.8;2903.9;5217.3;2005.1;4002.5
Iitti;59.5;6559;-1.0;13.9;53.9;32.2;0.2;1.4;-70;-39;1822;3392;84.3;23.4;68.9;24.2;2450;70.7;51.0;11.8;36.0;170.4;2081;9.9;36.4;50.8;82.1;952.9;1259.0;2637.4;1650.3;3926.9
Ikaalinen;59.2;6877;0.2;13.4;53.5;33.0;0.2;1.8;-49;-41;1882;3492;78.0;23.1;70.7;25.0;2343;65.7;60.4;15.5;36.6;193.0;2219;10.4;17.0;69.9;88.1;859.9;3518.4;6293.2;1586.1;4074.0
Ilmajoki;76.7;12366;0.6;19.4;58.1;22.6;0.2;1.1;-7;-15;3489;5402;93.3;18.2;74.9;26.8;5230;76.6;39.9;8.4;25.7;135.1;3426;11.4;22.9;64.0;64.6;448.1;4532.3;6754.1;2241.8;3469.7
Ilomantsi;53.4;4643;-2.2;8.8;48.6;42.5;0.2;2.1;-98;-19;1299;2588;87.8;21.3;64.7;16.0;1391;59.8;76.2;21.6;48.1;241.4;1424;8.7;14.5;74.8;96.5;863.1;1998.7;4336.9;1837.2;5450.2
Imatra;97.5;25655;-1.6;11.7;56.5;31.8;0.2;4.0;-282;-270;7054;14354;58.4;29.1;70.5;23.6;8779;61.8;70.0;20.6;36.3;197.0;9498;0.8;30.2;67.9;101.4;489.9;3897.3;9461.2;1685.1;4130.5
Inari;66.3;7008;2.1;12.0;61.0;27.0;0.4;3.1;-41;-17;1851;3283;88.9;31.6;73.0;25.1;2777;67.5;87.6;17.5;31.4;147.1;3172;5.6;7.8;84.6;102.1;882.8;1768.6;6662.8;2261.0;4616.4
Inkoo;41.0;5353;0.6;14.8;59.2;26.0;52.0;3.5;-33;-44;1566;2410;88.5;14.6;72.6;35.0;2271;76.2;36.9;9.5;28.5;134.3;1356;8.8;23.5;64.1;56.9;947.8;2499.0;3121.4;2113.7;3402.0
Isojoki;41.5;1891;-1.8;10.8;54.1;35.1;0.8;3.6;-18;-10;516;984;94.5;21.0;61.2;15.8;771;75.3;67.5;6.1;38.3;149.7;693;21.9;24.0;51.7;88.1;931.9;317.9;2203.1;1528.3;5060.3
Isokyrö;72.5;4480;0.2;15.8;55.4;28.8;0.8;0.8;-46;-8;1215;2118;91.9;18.1;71.7;24.9;1721;72.8;44.0;10.7;32.1;159.8;1373;14.1;21.4;61.9;76.4;630.5;894.7;2853.3;1898.2;3951.0
Janakkala;77.1;16340;0.6;16.2;58.8;25.0;0.4;2.4;-80;-114;4538;7860;73.1;21.4;72.2;25.8;6701;73.2;41.4;12.0;28.4;142.3;5015;4.3;31.0;63.0;72.0;617.3;3259.3;4741.1;1884.2;3418.4
Joensuu;89.8;77261;0.4;13.2;63.9;22.9;0.1;3.5;-168;25;19536;41899;50.1;43.1;78.7;32.5;29400;61.7;82.3;17.0;25.9;161.7;34321;1.7;20.1;77.1;113.7;672.3;3100.8;7124.9;1807.2;3428.3
Jokioinen;61.1;5046;-0.3;14.4;57.5;28.1;0.4;2.0;-37;-49;1490;2396;88.5;17.4;70.6;26.1;2115;75.4;39.3;9.5;30.1;139.3;1728;5.7;28.4;64.1;79.6;751.8;2445.8;2979.5;1843.9;3321.9
Jomala;68.4;5512;2.3;21.1;63.4;15.5;88.0;8.6;39;63;1573;2176;87.5;11.9;72.5;31.7;2674;82.2;34.2;7.1;15.9;101.4;2575;3.0;20.7;72.7;93.0;330.7;0.0;363.2;2871.1;1221.9
Joroinen;58.0;4624;-1.4;13.2;54.9;31.9;0.4;2.9;-44;-52;1361;2353;90.1;21.2;71.8;23.4;1791;71.4;48.6;11.4;36.1;161.8;1433;24.4;21.2;51.9;77.9;660.7;4855.8;7288.8;1729.2;4114.1
Joutsa;59.1;4263;-0.8;10.4;49.7;39.9;0.2;2.0;-79;-6;1133;2364;86.2;22.6;64.8;19.6;1432;68.1;68.1;13.8;43.4;200.1;1414;12.5;21.8;63.9;92.0;150.3;3864.1;7281.6;1676.8;5209.9
Juuka;46.9;4444;-1.8;9.6;52.0;38.4;0.1;1.4;-73;-12;1208;2461;90.5;21.0;64.1;17.2;1383;60.3;78.0;20.2;44.3;227.3;1399;10.9;24.7;62.3;100.6;747.3;1214.9;3161.5;1796.3;5478.0
Juupajoki;45.7;1786;-0.8;13.5;54.1;32.4;0.3;1.0;-15;-29;513;871;89.4;18.8;65.7;20.3;682;74.1;49.1;8.0;36.8;163.9;662;10.4;46.4;41.7;94.6;658.9;1776.1;3953.3;1796.1;4126.7
Juva;51.0;5887;-0.8;11.4;51.3;37.3;0.3;1.6;-82;-102;1627;3128;81.0;20.3;67.9;20.2;2132;71.6;65.9;11.1;41.2;178.2;1947;19.5;18.4;59.8;86.1;895.3;3614.6;5859.2;1957.0;4789.6
Jyväskylä;95.2;144473;0.7;14.9;66.2;19.0;0.2;3.5;209;378;36337;76335;36.5;45.0;80.1;37.2;58657;64.1;84.0;15.9;21.8;144.5;64937;0.7;17.2;80.7;106.8;500.6;2669.7;8552.4;1844.1;3159.0
Jämijärvi;35.7;1685;-1.3;14.2;54.7;31.0;0.2;1.4;-20;-10;484;813;96.2;13.3;68.0;18.9;631;72.4;44.7;12.1;35.6;170.5;444;25.7;27.7;43.5;66.7;797.3;2875.8;3639.7;1781.5;3711.8
Jämsä;74.9;19767;-0.6;12.3;54.7;33.0;0.1;1.6;-198;-142;5453;10452;72.3;23.7;71.5;23.4;7161;67.8;79.8;15.3;36.9;177.7;7400;4.2;35.7;58.7;99.9;627.4;2006.9;3060.2;1780.9;4446.3
Järvenpää;99.9;45226;1.7;16.6;64.0;19.4;1.0;4.4;127;539;12059;22045;51.1;34.3;74.9;34.4;20302;74.0;34.8;11.5;21.9;119.0;13699;0.1;21.3;76.7;65.5;504.2;5164.2;9747.3;1975.4;3371.9
Kaarina;95.6;35497;2.4;18.5;60.1;21.3;4.7;2.9;37;630;10084;15643;67.7;18.1;77.2;39.6;15225;76.4;27.4;10.0;23.9;127.7;9973;1.1;30.8;66.1;64.7;523.0;2566.6;3883.6;2019.0;3041.1
Kaavi;45.9;2778;-1.0;10.9;52.5;36.6;0.1;1.5;-45;-42;761;1478;88.6;21.2;63.8;14.2;880;61.1;55.6;16.4;43.6;219.0;790;11.1;29.5;58.1;87.5;746.7;2578.9;5905.6;1596.0;5696.8
Kajaani;88.2;36493;-0.2;15.4;60.2;24.4;0.1;3.1;-117;-137;9606;18683;53.1;33.4;77.6;30.5;14693;69.2;85.9;11.6;28.4;148.9;15351;2.1;15.0;82.1;103.8;219.5;3670.1;18154.8;2931.9;4337.8
Kalajoki;76.7;12412;0.1;18.0;55.4;26.6;0.4;2.5;-5;6;3388;5418;92.0;17.3;70.9;22.3;4843;74.0;71.2;10.4;29.4;156.0;4509;13.6;30.6;54.2;91.1;741.9;3205.3;5349.3;2259.5;3580.7
Kangasala;86.0;32622;1.3;18.6;60.4;21.0;0.2;1.7;58;250;9189;14530;66.3;20.8;77.2;35.5;13953;76.0;36.5;10.3;23.7;130.9;9084;3.4;26.7;67.6;64.2;977.9;2263.2;4656.5;1956.7;2934.1
Kangasniemi;50.6;5230;-1.5;11.4;50.8;37.8;0.2;1.0;-79;32;1410;2817;84.9;21.2;67.6;22.0;1821;69.1;70.7;11.2;41.8;191.7;1569;17.3;27.1;53.2;86.1;752.6;3375.2;5239.3;1623.7;4698.4
Kankaanpää;69.6;12662;-0.8;13.9;56.7;29.3;0.1;3.5;-88;-99;3511;6446;78.1;29.0;69.2;21.9;4773;67.7;79.8;13.6;33.3;167.3;5339;6.9;22.9;68.6;109.1;619.2;4744.9;6797.8;1886.8;3781.0
Kannonkoski;36.5;1311;-0.9;11.1;51.3;37.6;0.1;1.4;-12;-4;356;667;93.1;19.6;62.8;16.8;414;64.4;63.0;17.2;43.0;219.6;401;16.2;19.5;63.8;90.9;433.9;7511.7;11894.9;2117.2;5038.5
Kannus;73.8;5390;-0.7;18.0;56.9;25.1;0.4;2.0;-11;-34;1486;2453;88.5;21.5;69.9;20.8;2172;73.3;64.0;10.7;28.1;149.8;2088;14.2;24.9;59.5;95.8;459.3;2764.5;5164.9;2028.4;3858.1
Karijoki;39.6;1192;-1.2;10.7;51.4;37.9;1.6;1.2;-16;-24;324;642;98.8;16.0;63.1;13.4;473;75.0;51.8;10.1;40.2;155.2;419;27.9;25.3;45.6;81.8;1507.0;1987.6;3447.4;1598.2;4831.8
Karkkila;85.5;8717;0.2;14.5;58.0;27.5;0.7;6.0;-54;0;2374;4302;68.7;26.1;64.5;20.9;3438;70.9;52.1;12.9;30.3;152.9;2753;2.0;39.3;56.7;77.6;526.6;6670.5;7627.6;2095.0;3890.4
Karstula;50.7;3774;-2.2;11.7;51.7;36.6;0.0;1.0;-49;-42;1110;1891;93.3;18.5;66.3;20.0;1279;65.6;74.7;17.1;40.1;201.6;1356;15.9;28.6;53.8;101.5;1085.5;3369.6;7203.2;1783.3;4588.6
Karvia;33.1;2290;-1.4;12.3;52.6;35.1;0.0;4.0;-31;-4;644;1153;95.6;20.8;63.7;13.7;849;70.8;69.3;12.7;39.3;173.5;757;24.4;31.2;40.8;87.9;685.6;1046.9;3467.7;1755.0;4273.5
Kaskinen;99.7;1289;0.9;12.2;46.5;41.3;27.4;10.1;-6;7;368;678;68.6;20.6;65.7;25.8;448;72.7;51.1;9.1;42.7;185.3;477;1.9;39.4;56.8;106.5;43.8;4654.1;7194.1;1921.0;5042.3
Kauhajoki;68.0;12890;-0.9;15.1;56.2;28.8;0.4;2.2;-81;-124;3590;6398;92.5;23.1;68.9;21.2;4907;68.8;76.7;13.3;32.6;165.1;5269;8.6;24.8;65.2;102.7;415.2;5029.6;8538.6;1933.0;4469.7
Kauhava;66.6;15312;-1.3;14.8;54.8;30.3;0.7;2.7;-128;-109;4329;7333;91.5;19.5;68.6;23.5;5852;72.0;76.5;10.9;33.8;165.1;6253;11.8;30.5;56.2;101.9;669.3;4100.9;9254.6;1882.1;4329.8
Kauniainen;100.0;10396;2.1;17.9;60.0;22.1;30.8;6.4;-32;367;2844;4369;46.0;32.0;82.1;59.3;4299;74.4;20.1;8.8;22.9;136.8;2454;0.5;2.5;93.1;58.2;1018.8;393.0;2565.8;3088.5;3266.7
Kaustinen;66.6;4196;-0.8;18.1;57.2;24.7;1.9;1.7;2;-37;1217;1856;94.5;21.7;69.5;23.3;1810;78.0;58.1;7.5;26.6;133.6;1601;14.8;21.0;62.3;85.9;784.8;7314.1;12264.4;2009.7;3764.4
Keitele;48.3;2095;-2.8;10.4;49.4;40.3;0.1;1.0;-26;-24;608;1111;92.6;20.7;67.1;18.3;738;69.1;75.8;10.8;43.7;192.0;878;9.3;36.3;53.0;113.6;544.8;3537.4;9004.6;1610.7;4899.3
Kemi;99.5;19982;-2.2;13.9;56.4;29.7;0.2;3.2;-125;-271;5229;11176;53.1;35.5;72.4;24.8;7109;62.7;74.9;18.0;34.4;187.5;8853;0.4;25.9;72.9;120.9;343.0;5244.6;7868.1;1951.5;4703.0
Kemijärvi;70.0;7105;-1.2;9.3;49.7;41.0;0.1;1.4;-97;-3;1992;3949;68.7;26.2;71.4;22.5;2231;62.3;80.2;19.7;46.1;222.3;2258;6.2;18.8;73.9;94.5;695.9;5573.6;10448.5;1974.0;5576.8
Keminmaa;89.6;7904;-1.0;16.6;56.8;26.6;0.2;0.7;-18;-78;2338;3700;86.5;19.3;77.2;29.9;3167;73.1;38.0;11.3;30.2;152.1;2819;2.1;40.4;55.9;86.5;557.7;1854.1;3003.5;1946.1;3938.5
Kemiönsaari;51.0;6614;0.1;12.1;52.6;35.3;67.1;3.8;-60;18;1844;3373;81.7;20.5;66.9;26.1;2445;71.5;73.3;10.9;38.6;170.3;2148;7.9;19.5;69.1;86.7;1018.2;2421.4;3887.7;2129.2;4010.6
Kempele;96.3;19116;1.7;23.6;60.5;15.9;0.2;0.7;151;279;5225;7634;81.6;20.2;79.3;36.8;8128;76.6;30.0;9.8;18.8;131.3;6627;0.6;33.8;64.1;82.6;380.4;3448.7;4413.2;2378.3;3022.4
Kerava;99.8;37232;0.3;16.2;63.4;20.4;1.2;9.7;61;186;9869;18659;35.1;38.6;71.4;31.4;16323;71.6;31.1;13.2;22.5;127.3;12098;0.3;24.5;73.7;70.8;454.3;1886.7;5548.7;1969.5;3195.2
Keuruu;70.7;9443;-0.5;13.0;51.9;35.1;0.2;1.7;-81;-53;2593;4900;67.2;25.1;70.7;23.7;3309;69.0;73.8;13.1;38.7;186.7;3275;5.1;29.9;63.2;98.0;762.4;6088.8;11664.7;2134.4;4172.3
Kihniö;34.8;1808;-0.8;12.0;51.9;36.1;0.0;1.2;-17;-29;530;878;96.7;17.0;63.9;16.1;683;71.8;66.7;11.2;39.3;166.8;628;10.4;39.3;47.3;89.5;671.8;4394.1;5796.9;1397.9;4737.7
Kinnula;52.9;1581;-1.0;18.0;48.1;34.0;0.1;0.6;-1;-20;422;701;96.6;17.0;60.6;17.1;493;64.8;71.3;16.3;38.9;223.9;463;22.2;12.3;62.9;90.4;323.7;3757.0;6947.4;1993.7;5031.9
Kirkkonummi;90.1;40433;0.9;18.5;64.1;17.4;15.7;7.1;91;257;11173;17462;66.7;27.6;73.9;39.6;18373;75.7;32.0;10.3;19.1;118.2;10995;0.9;19.4;77.4;58.6;638.9;5278.6;7173.6;2355.9;2920.2
Kitee;53.9;9877;-0.6;11.0;51.1;37.9;0.0;3.6;-138;-96;2781;5211;76.7;23.2;68.7;20.2;3105;62.0;79.2;19.2;42.6;219.9;3372;11.1;25.1;62.0;101.0;687.4;432.2;2109.7;1813.5;4619.1
Kittilä;58.6;6523;1.4;14.8;63.3;21.8;0.3;3.2;-21;-14;1594;2849;84.6;31.1;75.3;23.5;2922;73.8;86.5;14.3;24.9;120.3;3578;3.6;23.8;71.3;114.2;1311.1;1978.6;8125.1;2727.2;4512.9
Kiuruvesi;50.4;7759;-1.2;14.3;53.7;32.0;0.0;1.3;-66;-82;2086;3960;81.7;26.6;68.9;18.4;2736;66.6;69.0;16.5;36.6;187.1;2456;24.8;14.1;59.2;83.4;936.2;4042.1;7096.4;1943.5;4794.0
Kivijärvi;52.7;1088;-1.7;13.4;48.4;38.1;0.0;2.0;-13;21;299;543;90.8;17.5;60.1;12.6;348;66.0;56.9;13.9;43.7;218.1;239;16.3;13.0;66.5;71.6;1217.7;4774.2;10299.0;1759.7;5103.9
Kokemäki;59.5;6951;-0.9;12.5;56.1;31.4;0.2;2.8;-94;-27;1969;3634;86.5;19.6;68.3;21.8;2619;68.5;54.3;12.7;35.5;167.8;2361;7.4;26.7;64.0;86.7;804.1;3403.3;5097.4;1692.7;4091.0
Kokkola;88.4;47909;0.3;18.5;58.5;23.0;12.3;2.6;47;-87;13031;21831;66.8;29.5;74.0;28.7;19576;72.9;87.4;10.4;25.7;144.0;20898;3.0;22.2;73.7;105.0;623.4;5156.1;9506.1;2082.5;3735.9
Kolari;49.8;3989;1.6;15.7;57.0;27.3;0.7;2.1;-13;95;1014;1774;93.5;22.6;74.2;23.2;1567;70.6;77.1;15.1;30.7;150.5;1562;3.4;8.1;85.1;94.4;680.0;1149.0;3665.5;2115.2;4723.6
Konnevesi;40.9;2586;-0.3;12.8;52.7;34.5;0.0;0.9;-24;-15;720;1308;92.0;22.9;67.2;19.7;883;67.6;58.4;16.4;39.1;193.7;782;17.9;9.5;70.8;83.5;929.4;9621.7;12656.0;1928.3;4378.7
Kontiolahti;71.1;15035;1.2;20.9;60.8;18.2;0.1;1.1;44;-17;4235;6351;93.7;17.3;79.6;33.1;6386;74.8;28.1;11.9;20.8;132.6;3570;4.2;37.8;56.2;54.9;716.0;2939.6;4809.8;2267.5;2685.9
Korsnäs;66.7;2050;-0.9;14.5;55.9;29.6;84.7;8.6;-24;-4;602;915;95.6;15.8;69.8;24.6;902;78.6;53.2;8.7;30.2;129.3;666;20.3;14.0;62.0;73.7;228.7;1453.6;3114.6;2179.9;3989.8
Koski Tl;53.2;2271;-0.9;13.4;53.5;33.1;0.3;3.8;-28;10;636;1167;89.9;16.1;66.8;20.6;857;72.9;56.4;10.8;36.3;167.4;898;16.3;26.3;55.6;100.3;878.3;218.2;743.5;2093.4;3896.6
Kotka;98.3;51241;-0.8;12.9;58.8;28.3;1.0;5.5;-348;-356;13441;28026;44.0;36.4;73.3;28.0;18903;64.1;80.4;17.7;32.2;173.3;21960;0.4;21.8;76.6;112.5;747.5;5695.3;9850.8;2057.9;4351.1
Kouvola;85.9;80454;-0.9;12.8;58.0;29.2;0.4;2.8;-648;-423;21935;43179;62.2;28.4;72.5;26.2;30675;67.4;83.5;14.9;33.5;164.7;30500;3.3;21.7;73.4;95.9;721.2;3287.5;5936.9;2086.9;4180.5
Kristiinankaupunki;68.1;6380;-0.4;12.3;50.8;36.9;53.7;4.9;-53;-107;1848;3151;89.7;18.9;65.5;23.6;2494;76.7;73.5;6.1;39.7;156.8;2396;10.7;16.1;71.1;93.6;574.3;4653.2;6586.4;1897.6;4388.5
Kruunupyy;54.9;6442;0.4;17.1;56.7;26.2;76.8;3.5;-16;-28;1920;2659;94.4;12.3;67.7;25.0;2779;79.7;54.1;6.3;28.4;130.9;2443;12.2;40.8;45.4;85.4;726.5;3858.3;4690.0;2011.4;3719.9
Kuhmo;64.2;7928;-1.4;10.8;51.1;38.1;0.1;1.4;-127;-29;2188;4289;78.7;24.2;70.3;18.6;2699;66.9;86.7;15.1;43.6;198.0;2736;13.2;20.0;65.4;98.7;291.3;4926.8;7908.6;1588.3;5375.0
Kuhmoinen;55.9;2158;-0.1;8.4;47.0;44.6;0.3;0.7;-47;5;573;1212;80.1;20.4;65.2;21.1;677;66.7;67.4;14.0;49.4;219.2;594;13.5;18.0;65.7;84.5;969.0;1791.3;4021.3;1858.9;4931.5
Kumlinge;0.0;313;2.0;10.2;50.8;39.0;84.0;11.8;-2;-9;82;161;93.2;17.4;63.0;27.2;129;76.1;55.9;6.5;38.4;138.0;94;6.4;2.1;74.5;65.7;1000.0;1384.4;0.0;2843.6;2697.1
Kuopio;86.5;121543;1.1;14.3;63.6;22.0;0.1;2.9;-27;678;31686;63217;41.6;40.5;78.9;34.3;50073;67.7;84.6;13.0;25.8;140.1;53394;2.6;14.6;81.6;104.5;476.0;3822.5;9714.6;2052.0;3894.8
Kuortane;36.7;3528;-0.2;13.5;53.0;33.4;0.1;1.5;-26;1;1000;1655;94.4;18.0;66.9;23.4;1380;76.2;60.7;6.6;35.8;156.1;1278;12.8;22.6;62.5;92.9;725.5;2546.1;5757.2;2220.4;4140.4
Kurikka;62.5;20197;-1.3;14.5;54.2;31.3;0.4;1.6;-146;-85;5777;9853;89.4;19.4;69.7;20.5;7659;71.4;66.3;11.1;34.9;167.1;7188;11.5;30.2;56.7;89.7;551.0;3751.3;6451.5;2017.1;4484.3
Kustavi;37.2;971;0.9;9.0;50.7;40.4;1.3;2.1;-19;30;281;505;92.9;19.8;68.9;28.5;367;72.5;51.9;11.6;43.0;162.1;271;18.5;21.8;57.2;75.3;979.2;2604.0;4951.1;1533.3;4302.5
Kuusamo;65.0;15165;-0.3;14.6;56.2;29.2;0.2;2.2;-43;48;4220;7307;74.5;25.8;73.3;22.0;5655;67.9;91.7;13.0;34.2;169.0;5993;5.8;16.1;76.8;102.2;570.0;2042.7;3866.2;2255.6;4245.5
Kyyjärvi;58.9;1232;-4.3;15.0;47.9;37.1;0.1;1.6;-20;-7;341;603;96.7;19.4;60.1;15.2;420;66.4;68.6;14.8;39.0;206.7;456;11.0;41.2;46.1;104.3;1039.6;10133.5;15223.6;1837.7;4746.1
Kärkölä;66.9;4245;-1.9;12.5;58.7;28.8;0.4;2.6;-11;-32;1221;2183;89.5;21.6;66.1;19.3;1658;68.2;46.1;16.6;32.5;160.9;1473;8.0;42.9;46.9;87.5;1045.5;3751.5;4074.9;1677.3;3477.1
Kärsämäki;46.7;2533;-0.2;17.6;53.1;29.3;0.1;0.8;-12;-31;637;1133;97.4;23.9;65.1;13.9;888;68.6;70.9;12.6;33.7;185.8;954;22.4;24.1;52.6;107.3;845.9;4639.1;8774.6;2411.7;4231.7
Kökar;0.0;224;-0.4;4.0;60.3;35.7;86.2;5.8;-1;-9;59;116;93.1;21.6;67.9;24.3;96;70.9;68.0;14.3;38.2;134.4;90;4.4;16.7;74.4;87.4;-288.9;8693.3;0.0;2400.0;3244.4
Lahti;97.5;120027;0.0;14.2;60.6;25.2;0.4;4.9;-309;205;30810;65207;32.5;41.1;72.5;29.3;45828;65.3;77.3;17.9;28.4;161.8;51485;0.5;25.1;72.9;107.3;774.2;7281.9;10364.1;1971.8;3485.9
Laihia;82.4;7916;-1.0;19.2;57.0;23.9;1.1;1.3;-26;-1;2246;3556;88.6;17.2;72.9;30.7;3183;73.5;35.4;12.9;26.6;151.2;1801;8.1;21.8;68.1;53.0;505.1;3735.0;5175.0;1891.2;3656.0
Laitila;70.2;8456;-0.1;16.1;58.4;25.5;0.4;8.1;-30;-157;2286;4069;74.0;23.7;67.0;20.4;3573;75.2;62.9;9.1;29.2;137.0;3648;8.7;41.8;47.9;100.1;686.8;3235.7;5519.1;2448.3;3576.1
Lapinjärvi;29.0;2580;-1.6;14.5;55.0;30.5;29.7;6.0;-16;21;725;1251;96.0;21.3;64.2;20.8;1005;70.7;49.5;14.0;32.7;160.8;877;22.1;19.2;56.2;81.4;1133.2;2882.1;6978.3;1852.0;3768.8
Lapinlahti;53.3;9247;-1.2;14.4;56.5;29.1;0.1;1.3;-90;-53;2568;4666;90.3;23.7;69.5;21.0;3509;69.1;58.9;13.8;33.4;166.7;2872;18.3;26.0;53.9;78.7;486.0;3626.3;6405.1;1811.9;4517.0
Lappajärvi;53.6;2866;-2.0;14.0;49.5;36.5;0.4;3.9;-24;-68;837;1349;90.1;14.8;70.2;22.0;988;68.9;66.1;10.4;40.3;196.1;980;17.4;20.6;59.9;91.6;394.5;4265.0;7076.2;1861.2;4762.1
Lappeenranta;90.5;72634;0.0;13.4;61.8;24.8;0.2;4.8;-325;106;18927;38796;45.4;37.7;75.6;31.5;28619;65.6;84.9;14.1;27.9;153.9;31700;1.6;21.3;76.0;107.8;499.6;3137.7;6976.4;1853.2;3794.4
Lapua;78.5;14203;-0.1;17.7;57.2;25.1;0.2;1.9;-77;2;3938;6430;82.1;22.5;72.3;28.7;5656;73.2;56.0;9.8;28.7;151.4;4570;8.0;30.5;59.9;79.5;657.1;4976.9;8625.8;2297.4;3782.7
Laukaa;72.7;18788;-0.2;21.8;57.2;20.9;0.1;0.9;12;-93;5220;7958;87.5;19.2;75.5;28.4;7372;73.0;39.7;12.9;24.0;155.3;5440;4.0;27.9;65.9;71.6;680.2;4997.4;7827.8;2234.7;3262.6
Lemi;54.1;2917;-1.6;17.4;55.7;26.9;0.1;1.5;-28;13;853;1363;97.4;15.3;70.6;24.8;1190;73.5;26.6;11.3;29.1;149.1;481;14.3;11.6;69.4;39.9;426.5;2207.5;3971.0;1889.3;3895.4
Lemland;32.7;2135;1.0;21.5;59.5;19.0;91.3;9.0;14;38;611;857;94.4;9.9;74.0;31.6;992;79.5;20.9;8.1;18.5;113.1;360;4.4;13.9;73.3;34.5;-65.8;2515.1;0.0;2957.4;1553.5
Lempäälä;89.5;24164;1.4;21.9;61.0;17.0;0.3;1.6;103;173;6669;10055;73.3;21.1;78.6;38.3;10471;76.9;31.8;9.7;19.2;127.6;7623;1.7;25.3;71.1;72.5;624.8;3808.5;7067.9;2293.8;2885.5
Leppävirta;58.1;9280;-1.3;13.2;54.7;32.1;0.1;1.3;-67;8;2690;4686;84.4;19.2;71.5;25.0;3379;67.6;55.0;16.2;36.7;178.2;2849;7.0;38.2;52.7;79.7;649.1;1111.5;4110.2;1645.5;4409.1
Lestijärvi;35.8;719;-0.4;15.3;51.3;33.4;0.1;1.7;-8;10;187;336;98.2;21.7;66.6;21.2;251;66.6;67.2;9.4;37.8;187.6;260;36.5;12.3;48.5;101.6;256.2;8914.1;12333.8;2037.4;4630.2
Lieksa;69.6;10543;-1.6;9.7;50.8;39.5;0.1;3.7;-164;-82;2844;6058;72.1;25.7;67.2;18.8;3336;60.9;88.1;17.1;44.4;221.3;3491;8.0;24.3;66.6;102.6;968.2;643.1;3587.4;1564.7;4930.7
Lieto;84.3;20291;0.7;19.2;60.8;20.0;1.5;1.8;29;101;5998;8562;79.8;13.1;76.2;35.3;9043;78.0;28.5;9.2;22.3;122.8;6593;2.8;33.4;61.4;70.5;713.8;3541.7;4612.5;1954.9;2924.9
Liminka;80.4;10218;-0.2;30.8;58.4;10.8;0.1;0.4;117;-68;2521;3352;94.7;14.8;76.1;33.4;4041;76.0;31.7;9.8;12.8;153.4;2692;5.7;25.2;67.3;66.0;731.7;3072.2;4705.5;2626.8;2789.1
Liperi;57.4;11979;-0.1;17.8;59.0;23.2;0.1;1.0;-18;-75;3357;5518;90.0;21.6;77.1;27.4;4779;70.5;36.4;15.2;26.8;151.0;3412;9.8;25.1;63.2;68.6;409.9;3526.6;4901.0;1894.4;3688.0
Lohja;82.8;45988;0.2;15.5;59.3;25.3;3.5;3.8;-168;22;12728;22026;64.9;26.6;69.9;27.4;18948;73.0;58.7;11.5;28.2;142.2;15746;2.0;25.6;70.7;80.5;734.3;3887.7;6108.2;2174.1;3590.9
Loimaa;67.2;15628;-0.9;13.4;55.1;31.5;0.2;3.2;-74;-72;4257;8096;74.7;22.5;68.9;24.0;5851;69.3;73.2;12.2;35.3;169.5;6127;8.8;29.2;60.1;99.5;809.9;2571.7;3399.3;1596.0;4083.5
Loppi;55.3;7799;-0.7;15.7;58.1;26.2;0.5;2.3;-34;41;2201;3550;89.2;15.0;68.9;22.6;3343;77.6;36.3;7.4;29.0;134.9;2021;9.1;22.8;65.4;59.9;785.3;2368.3;3481.0;2047.4;3260.9
Loviisa;74.5;14643;-0.7;13.2;56.6;30.1;39.7;3.7;-100;43;4094;7512;73.5;26.8;67.2;25.0;5645;69.4;58.3;16.3;33.2;161.2;4957;5.4;32.7;59.4;82.0;727.0;5722.6;7157.6;2191.5;3744.0
Luhanka;0.0;703;0.6;8.0;50.5;41.5;0.0;0.7;-12;18;188;375;97.1;15.7;63.1;23.0;249;71.1;46.5;12.3;45.2;180.7;172;22.1;13.4;62.2;70.8;1267.5;4143.1;7130.2;1273.2;4337.6
Lumijoki;66.0;2018;-0.9;25.5;55.6;19.0;0.2;1.4;18;-17;490;753;98.0;18.3;68.4;21.1;741;74.5;35.0;10.1;21.5;174.8;465;16.1;23.2;57.4;64.6;654.7;2930.7;4351.7;2453.8;2959.7
Lumparland;0.0;376;1.1;15.2;56.4;28.5;84.6;12.2;2;-3;113;170;95.3;10.6;68.5;28.4;176;80.7;25.4;6.9;25.3;111.4;87;17.2;4.6;71.3;51.5;1053.8;4365.6;0.0;2508.1;1701.6
Luoto;88.3;5622;1.6;29.4;55.9;14.7;92.0;2.8;86;35;1412;1777;94.9;13.0;72.1;23.8;2343;82.4;28.8;4.1;16.4;136.2;1148;2.7;40.9;55.1;48.2;554.8;4978.3;8155.9;2476.0;2927.4
Luumäki;61.7;4473;-1.5;11.6;53.0;35.3;0.3;2.2;-78;-24;1235;2384;87.9;22.4;67.5;22.5;1670;72.0;53.2;12.6;38.6;172.0;1290;16.6;22.6;58.6;75.3;364.5;911.5;4351.7;2134.1;4781.0
Maalahti;71.9;5487;0.7;15.6;55.2;29.2;85.3;4.3;-31;-8;1577;2555;94.8;17.3;72.5;28.9;2401;80.0;51.2;7.0;30.4;127.0;1864;10.0;28.2;59.7;75.9;726.7;5170.6;6773.6;2247.8;3947.7
Maarianhamina;99.6;11742;0.3;13.9;60.7;25.4;82.5;14.8;-35;-10;2981;6161;42.7;44.5;70.8;34.5;5125;72.5;76.8;11.5;25.6;128.4;9522;0.1;8.4;89.5;170.1;783.6;2174.8;5891.5;2242.5;2049.3
Marttila;46.1;1990;-0.5;16.1;55.5;28.4;1.0;2.4;-3;-26;559;959;94.0;15.6;67.8;22.2;809;74.1;37.7;10.7;31.0;147.1;501;18.4;21.0;56.9;60.3;579.8;1245.1;1754.9;1577.8;3332.2
Masku;80.9;9612;0.7;19.6;61.2;19.1;1.2;1.6;12;-22;2880;3888;94.1;8.4;76.7;33.1;4291;78.1;21.6;10.4;21.7;122.4;2336;3.9;26.8;67.1;51.7;671.4;5046.0;5312.9;2060.4;2927.5
Merijärvi;38.0;1076;-0.2;25.0;50.8;24.2;0.1;0.2;0;-15;258;431;97.9;20.6;62.8;13.0;349;67.7;47.7;15.5;27.6;208.9;239;25.1;15.5;57.3;65.8;626.2;3648.4;4926.7;2497.2;3632.7
Merikarvia;58.0;3055;-0.4;14.4;50.2;35.4;0.5;1.4;-32;24;849;1479;86.7;19.8;63.4;19.9;1041;69.4;68.5;12.9;39.5;194.5;956;12.6;32.1;52.5;90.7;768.8;1027.1;1485.3;1911.3;4802.3
Miehikkälä;29.9;1835;-1.8;9.5;52.2;38.3;0.3;2.9;-32;41;523;950;96.4;17.6;60.5;16.3;648;68.1;44.5;14.3;42.7;188.3;415;25.8;7.2;65.1;65.0;1062.6;4719.0;5793.4;1503.7;4142.4
Mikkeli;81.1;52122;-0.9;13.6;58.5;27.8;0.2;2.6;-240;-436;13995;27477;56.1;33.0;75.2;31.1;20572;69.0;89.0;12.5;31.2;155.6;21938;3.0;19.2;76.6;103.3;652.9;5296.7;11307.0;1991.4;4127.3
Muhos;80.0;8909;0.1;22.8;58.2;19.0;0.1;0.8;8;-15;2305;3636;91.7;19.6;74.6;26.2;3349;69.8;45.1;12.7;23.0;165.8;2423;8.8;10.7;78.7;71.1;577.1;5699.5;6725.6;2192.1;3735.9
Multia;48.1;1488;-4.5;12.6;50.0;37.4;0.1;1.5;-17;9;424;757;94.2;18.4;67.3;19.3;505;65.8;59.4;14.8;40.1;208.5;593;28.5;28.2;42.3;113.2;982.0;1242.0;3875.5;1699.6;4558.4
Muonio;51.7;2321;1.0;14.8;57.0;28.2;0.7;3.5;-12;2;621;1023;92.6;20.9;74.4;24.8;892;70.1;82.9;15.4;30.4;157.5;1059;2.2;6.6;89.4;106.0;1098.8;2779.7;3696.1;2487.2;4694.8
Mustasaari;80.8;19536;0.4;19.4;57.9;22.6;68.8;2.0;31;-50;5791;8197;89.2;12.5;77.8;38.0;8570;80.0;32.6;8.2;24.0;127.0;5303;5.6;27.6;64.4;59.3;794.0;4663.2;5755.2;2320.2;3184.6
Muurame;87.1;10426;1.5;21.2;59.6;19.2;0.1;1.0;12;85;2967;4304;78.3;18.6;79.6;38.8;4372;76.1;29.8;10.3;21.4;134.8;2811;1.4;37.5;58.6;62.5;934.4;1712.0;4588.6;2097.1;2498.6
Mynämäki;65.9;7594;-0.7;14.8;57.7;27.5;0.9;2.3;-17;-8;2244;3612;89.1;15.1;71.2;23.1;3183;75.2;38.9;10.4;30.9;140.2;1958;15.0;24.4;58.8;60.0;462.7;4538.5;5154.9;1684.1;3789.7
Myrskylä;47.8;1816;-2.9;13.8;55.6;30.7;9.5;3.2;-12;-3;522;886;96.2;17.8;66.9;20.6;720;72.2;40.3;15.9;32.0;159.9;466;20.8;23.2;53.0;61.7;803.3;2829.0;3065.2;1580.4;3795.3
Mäntsälä;73.7;20837;0.3;18.9;60.9;20.2;0.8;3.0;28;-6;5780;9115;78.0;20.3;70.7;26.1;9270;77.3;37.4;9.1;22.5;124.2;6422;3.8;21.4;72.9;67.6;664.9;4287.9;9548.9;2479.8;3294.6
Mänttä-Vilppula;83.3;9563;-1.1;11.6;51.8;36.6;0.1;2.2;-105;-134;2675;5187;67.1;24.6;68.8;20.6;3329;66.9;75.6;13.2;40.6;190.6;3664;2.9;36.5;58.8;105.9;300.3;4415.4;7342.1;1725.8;4811.5
Mäntyharju;62.6;5635;-0.7;11.0;50.7;38.3;0.2;1.8;-101;-30;1489;3046;81.9;23.4;64.5;21.6;1929;68.0;70.5;12.6;42.5;194.2;1890;10.2;33.6;54.3;96.6;799.7;3566.1;5667.5;1640.4;4932.5
Naantali;85.5;19579;0.8;14.5;58.4;27.1;1.4;2.1;-71;191;5636;9406;60.6;24.6;76.2;35.6;8044;73.5;35.2;11.4;30.0;141.5;5690;2.2;32.1;63.2;68.0;977.0;772.1;3338.0;1890.9;3340.0
Nakkila;75.6;5169;-1.7;14.4;55.9;29.7;0.5;1.1;-38;-42;1513;2570;87.2;16.0;69.8;23.9;2023;71.6;36.3;11.0;32.5;159.8;1540;5.0;36.9;55.8;73.8;520.7;1379.4;2188.9;1750.6;3865.3
Nivala;65.3;10396;-1.0;21.9;54.2;23.9;0.0;0.8;21;-162;2651;4420;91.3;20.5;71.4;19.2;3905;73.3;66.8;10.8;26.8;168.9;3660;13.1;33.4;51.9;91.8;589.2;6157.1;11085.5;2211.3;4262.7
Nokia;91.5;34884;1.2;18.0;61.0;21.1;0.3;1.7;-2;537;9585;16107;59.8;25.2;75.2;30.4;14397;72.5;41.1;13.1;24.2;139.5;11515;0.9;33.0;64.4;78.5;746.3;2948.9;4734.8;1961.9;3133.6
Nousiainen;68.5;4689;-0.1;19.1;60.0;20.9;0.9;1.6;-2;-27;1394;1970;90.3;10.1;74.8;27.1;2079;77.5;23.0;9.9;23.5;125.7;997;10.6;18.8;67.6;45.6;864.1;3485.0;3829.5;2342.9;3124.9
Nurmes;61.1;9423;-0.8;11.5;51.8;36.7;0.1;1.7;-125;27;2519;5105;76.7;24.6;67.4;19.1;3207;65.7;84.6;17.0;40.8;196.3;3189;15.6;20.1;62.2;98.9;838.0;1528.7;3377.4;1866.2;4741.8
Nurmijärvi;89.0;44127;1.1;19.4;63.3;17.3;1.2;4.8;93;473;12149;18907;71.4;24.0;72.4;31.5;19987;77.0;34.3;10.4;19.2;118.5;12558;1.3;26.3;70.2;61.4;651.0;4734.4;7408.1;2249.5;3059.1
Närpiö;60.0;9562;0.0;15.9;55.4;28.6;76.4;15.2;-40;-94;2734;4263;82.4;19.0;63.4;22.8;4271;81.8;85.0;4.9;30.4;123.8;4527;23.2;23.8;51.5;105.6;922.4;3736.7;6555.8;2188.8;3700.8
Orimattila;67.4;15808;-0.5;16.2;57.9;25.9;0.6;2.2;-67;-65;4363;7680;78.3;22.0;68.8;21.4;6274;72.1;45.9;13.3;29.2;153.1;4799;8.3;32.3;57.1;73.2;783.5;3709.3;4677.2;1970.0;3533.6
Oripää;53.8;1337;0.2;16.1;56.5;27.4;0.4;7.9;-5;0;362;616;94.5;17.9;60.6;18.0;534;75.2;46.9;7.9;29.7;149.8;430;26.3;25.1;47.2;80.4;864.3;2727.9;3140.9;1841.1;3991.0
Orivesi;72.6;8978;-0.3;14.1;54.6;31.3;0.1;1.2;-79;-67;2503;4504;76.1;21.3;70.7;25.6;3391;71.0;50.0;12.5;34.4;165.6;2565;10.4;19.6;67.1;73.9;565.8;2326.3;4081.7;1858.1;4216.6
Oulainen;74.8;7102;-0.7;17.0;54.7;28.2;0.1;0.8;-35;-103;1863;3387;85.5;22.2;71.3;22.8;2563;69.1;71.5;13.3;32.1;179.2;2857;5.4;22.6;71.0;107.4;659.3;4607.4;6995.7;2164.2;4584.8
Oulu;96.7;209551;1.1;17.1;66.1;16.9;0.2;3.4;722;619;52572;103987;45.3;42.3;79.9;37.7;87409;66.9;86.9;14.0;20.1;137.2;92267;0.6;19.3;78.9;104.6;465.0;3621.2;5928.8;2078.1;3319.4
Outokumpu;71.2;6506;-0.7;13.2;53.0;33.8;0.1;3.2;-72;-68;1745;3495;75.9;29.6;71.1;19.0;1962;58.3;71.4;21.5;38.3;233.9;2390;3.8;39.8;55.2;111.6;4897.1;2037.9;4930.3;1854.1;4636.0
Padasjoki;50.9;2813;-1.7;9.7;48.6;41.6;0.4;1.1;-39;-3;797;1516;83.7;22.6;62.2;18.4;931;69.3;56.7;13.2;45.6;207.3;726;11.6;23.7;61.8;75.0;1227.9;3070.6;4147.5;1519.7;4840.3
Paimio;80.1;11041;1.1;19.0;58.3;22.7;1.1;2.3;-12;60;3066;5018;71.1;22.1;75.6;32.5;4640;75.8;34.2;9.3;25.2;135.4;3120;4.8;24.4;69.3;64.6;391.8;5010.5;5925.6;2087.6;3156.3
Paltamo;59.2;3183;-1.6;12.0;53.5;34.5;0.1;0.7;-54;15;899;1642;93.2;25.2;68.3;19.1;1088;64.4;53.2;15.4;39.6;197.3;890;9.3;16.0;73.1;82.6;123.0;5265.2;8816.4;1751.5;5472.6
Parainen;67.5;15086;-0.1;14.7;56.5;28.7;54.9;2.9;-97;57;4358;7192;78.3;18.4;73.6;35.0;6186;75.4;58.2;8.9;31.2;144.2;5143;4.5;29.5;63.5;80.3;409.3;2833.6;3390.0;2375.2;3997.0
Parikkala;45.5;4567;-1.9;10.1;48.3;41.6;0.2;1.2;-70;-14;1272;2540;84.9;20.8;66.7;19.3;1536;67.9;64.4;14.7;45.7;203.1;1345;18.4;17.8;60.8;83.7;75.2;239.5;911.3;1470.0;5225.6
Parkano;68.1;6286;-1.0;13.6;52.3;34.2;0.2;1.7;-53;2;1726;3194;79.4;22.6;67.8;19.0;2201;67.9;74.7;13.4;38.1;188.6;2463;6.5;33.3;58.8;106.9;409.9;3445.1;5545.5;1592.7;4398.0
Pedersören kunta;73.6;11172;0.0;23.3;58.0;18.7;88.8;2.7;106;-38;3129;4006;94.2;11.6;72.0;23.6;4902;80.9;48.4;7.0;20.4;127.9;4093;10.4;45.1;43.3;79.5;587.3;3314.1;4553.5;2488.8;3192.9
Pelkosenniemi;35.5;924;-0.8;9.4;52.3;38.3;0.4;0.5;-10;3;257;484;96.1;22.1;74.0;24.0;331;64.4;70.6;16.4;43.9;181.3;389;3.1;7.7;87.4;112.1;673.5;5121.4;7114.9;2055.9;6778.7
Pello;54.0;3296;-0.2;9.4;48.1;42.5;0.5;1.3;-55;-12;971;1703;89.6;17.6;68.3;20.8;1047;64.4;78.7;15.6;46.5;215.6;1100;12.7;16.2;67.4;99.8;606.2;1405.6;3381.7;1706.1;6033.6
Perho;37.8;2676;-1.1;25.0;50.0;25.0;0.5;0.6;-6;-48;672;1033;96.9;17.7;61.9;14.6;889;71.3;76.2;10.7;28.4;204.4;884;16.7;28.6;52.9;97.1;1019.2;6925.0;7872.5;2515.2;4117.9
Pertunmaa;42.4;1644;-0.6;10.0;49.8;40.1;0.2;1.6;-19;-17;431;911;95.8;21.0;62.3;16.5;560;68.1;63.7;11.5;43.8;195.4;604;17.9;25.2;53.8;100.2;113.1;4880.3;6663.8;1850.1;5159.6
Petäjävesi;61.5;3678;-2.5;18.2;56.7;25.2;0.2;1.0;-30;-47;1011;1733;90.7;21.2;73.4;26.3;1456;72.3;38.1;13.3;28.2;159.1;891;11.7;17.6;66.8;58.9;451.5;3745.0;7826.9;2316.0;3798.3
Pieksämäki;75.9;17253;-0.7;11.5;54.4;34.1;0.1;2.0;-192;-151;4748;9458;63.9;30.5;71.5;23.1;6271;67.4;83.1;11.8;39.4;177.1;6642;5.0;21.2;72.5;100.9;630.5;4747.5;6773.2;1516.7;4699.0
Pielavesi;41.9;4269;-1.2;12.6;48.7;38.6;0.2;1.2;-54;-17;1162;2168;83.1;18.5;65.2;16.6;1393;68.3;69.5;11.6;43.1;210.2;1267;24.3;12.2;61.2;90.6;927.1;3215.9;5578.3;1897.0;5393.4
Pietarsaari;98.5;19097;0.2;15.2;58.4;26.4;56.0;8.4;-49;-206;5253;9149;58.4;26.4;68.9;29.6;7698;72.5;75.4;10.4;29.4;147.7;11186;1.0;38.8;59.2;139.4;361.3;3928.5;7035.7;2308.9;4185.0
Pihtipudas;48.0;3873;-1.5;13.7;53.0;33.3;0.0;0.6;-45;-60;1034;1975;93.1;24.1;64.1;16.0;1409;70.6;75.1;12.8;37.0;179.0;1327;18.6;14.9;65.0;92.7;621.0;5458.2;10552.3;2134.3;4734.7
Pirkkala;97.8;20206;2.0;19.7;62.0;18.3;0.4;2.1;67;101;5668;8739;57.7;21.5;80.0;42.2;8940;77.4;27.4;9.6;20.4;121.5;8496;0.2;25.6;72.9;92.5;725.5;2935.2;3311.8;2270.4;2991.4
Polvijärvi;29.3;4161;-1.0;13.0;52.3;34.7;0.1;0.8;-20;-23;1156;2113;94.1;18.2;69.4;17.2;1380;64.3;55.5;18.7;39.8;204.4;1180;19.5;25.9;52.4;81.7;390.9;35.7;1524.9;1732.7;4379.7
Pomarkku;62.3;2013;-2.4;13.8;52.9;33.3;0.1;1.0;-25;0;586;1009;94.2;18.4;63.4;19.6;705;65.8;40.7;13.8;37.5;192.6;532;10.2;33.3;53.4;72.0;312.2;1988.4;2537.6;2038.8;4405.7
Pori;93.7;83482;-0.2;13.7;59.6;26.7;0.6;2.9;-393;-54;22251;44534;55.6;33.6;74.0;28.6;32021;66.6;79.8;15.9;30.3;161.3;34375;1.4;20.3;77.0;103.5;385.8;3404.2;6792.6;1779.2;3683.1
Pornainen;67.1;5066;-0.1;19.0;63.9;17.1;2.3;2.3;17;24;1440;1996;93.9;8.9;71.5;25.5;2382;79.4;26.1;9.1;18.7;112.8;1115;8.4;16.4;72.8;45.8;607.7;1869.2;2283.8;2235.1;2925.8
Porvoo;84.9;51149;1.0;16.6;61.2;22.2;28.3;5.1;-20;123;14009;23884;57.8;28.8;72.2;33.6;21663;73.2;63.6;12.4;24.7;133.7;21483;1.1;30.9;66.5;94.7;1112.2;3067.6;6879.3;2319.0;3343.9
Posio;41.6;3066;-1.6;7.9;50.5;41.6;0.1;1.4;-48;-26;894;1558;90.2;19.1;65.0;17.1;972;62.8;77.9;17.5;47.8;220.7;860;20.9;13.4;64.0;87.2;529.4;3326.9;5305.1;1700.4;6136.3
Pudasjärvi;50.6;7702;-1.0;15.2;51.4;33.4;0.1;1.9;-66;-62;1963;3756;88.2;24.4;65.7;16.5;2428;62.4;80.5;17.3;39.0;220.4;2552;12.1;19.9;66.5;101.4;498.0;4706.0;9671.7;2444.5;4858.3
Pukkila;40.9;1848;0.8;14.9;61.4;23.8;0.8;2.5;-12;-17;516;854;96.4;17.2;69.8;20.1;784;74.0;36.7;12.6;27.2;133.8;520;13.5;21.3;62.1;63.8;371.0;3172.9;3506.3;1892.5;3463.2
Punkalaidun;41.5;2721;-2.3;12.2;51.0;36.7;0.0;1.6;-11;-126;738;1415;92.4;17.1;66.0;20.4;979;71.1;59.8;10.4;40.2;184.5;876;25.8;23.7;48.5;84.6;735.7;2913.8;3916.7;1875.8;4381.3
Puolanka;56.5;2446;-1.8;8.7;50.0;41.3;0.2;1.6;-48;8;679;1343;90.8;23.0;64.6;17.6;768;59.8;76.7;17.9;46.8;224.3;706;22.2;8.9;66.9;92.9;933.4;1866.7;5839.0;1675.6;5690.1
Puumala;51.2;2117;-0.9;6.5;49.2;44.3;0.1;1.1;-42;30;586;1143;85.9;18.3;67.2;23.5;740;70.4;65.3;9.6;47.4;188.8;584;22.4;13.0;61.6;79.2;1125.9;140.4;2334.1;1571.4;4904.1
Pyhtää;74.7;5119;-0.1;15.9;56.6;27.6;6.9;2.6;-32;0;1509;2369;93.4;11.7;71.9;28.2;2041;73.1;27.2;12.3;30.8;151.1;1074;5.4;24.1;66.2;50.7;524.1;2765.9;3562.9;1844.1;3556.5
Pyhäjoki;69.7;3048;-0.1;17.3;53.4;29.3;0.2;4.1;-3;-45;861;1364;95.7;17.0;71.3;20.4;1054;68.5;46.0;14.0;33.0;189.5;900;7.6;38.2;52.3;79.2;1030.8;3589.0;7187.2;2659.1;3758.1
Pyhäjärvi;54.3;4964;-1.4;14.2;49.7;36.1;0.3;0.8;-57;-38;1364;2553;82.9;23.0;66.7;18.7;1595;64.5;73.9;15.3;41.5;215.5;1521;12.9;21.8;63.6;90.9;422.4;6010.7;10031.0;1965.4;5467.3
Pyhäntä;55.4;1631;2.4;21.7;55.0;23.3;0.0;5.1;5;-4;411;655;97.9;24.1;67.1;18.0;573;69.9;73.1;10.6;27.9;178.0;699;8.3;67.0;23.6;122.2;300.7;2756.4;6499.7;2223.5;4325.8
Pyhäranta;41.8;1985;-0.5;14.9;55.4;29.7;0.5;1.6;-8;-6;599;948;97.5;7.9;69.0;22.3;804;75.5;25.3;12.2;32.6;148.0;498;5.8;49.8;41.2;60.4;795.4;1040.6;1515.5;1620.9;3369.1
Pälkäne;56.4;6439;0.4;14.2;55.7;30.1;0.5;2.5;-35;2;1813;3045;89.0;17.6;70.8;25.0;2508;72.9;49.4;10.4;33.4;155.8;1871;13.1;18.5;65.3;72.8;721.3;1485.1;4118.0;1880.7;3916.9
Pöytyä;51.6;8222;-0.1;17.5;56.5;26.1;0.6;3.9;-24;-50;2243;3785;92.8;15.6;66.2;21.1;3268;73.5;47.5;11.4;29.1;151.8;2499;14.2;31.0;51.7;73.6;689.9;2035.2;2747.4;1983.4;3551.3
Raahe;87.2;24260;-0.4;17.6;55.8;26.6;0.1;2.5;-68;-294;6516;11582;74.8;26.8;72.3;22.7;8436;65.7;86.2;15.8;31.0;188.7;10056;2.4;40.3;56.3;114.6;748.7;7022.5;11574.2;2127.7;3940.4
Raasepori;77.4;27484;-0.2;14.3;57.6;28.1;64.1;4.0;-133;21;7543;13711;63.4;28.3;68.9;29.4;11103;72.4;71.7;11.7;30.9;147.9;9917;3.8;21.8;72.4;86.9;627.4;4038.4;5026.8;2162.5;3973.7
Raisio;99.2;24810;1.7;15.6;61.0;23.4;1.4;5.7;1;239;6863;11974;53.0;22.7;73.6;30.5;10179;70.8;28.8;13.2;27.0;139.8;10697;0.2;26.0;72.7;99.8;566.5;2339.2;3209.4;1771.1;3410.0
Rantasalmi;39.5;3330;-1.0;11.6;51.9;36.5;0.2;2.4;-40;-34;934;1693;83.9;19.8;69.7;21.3;1167;67.3;65.7;14.4;40.6;188.3;964;22.6;16.6;58.3;80.7;811.5;2568.1;3198.9;1936.4;4802.9
Ranua;49.7;3670;-1.1;17.4;52.2;30.3;0.2;0.9;-39;-38;933;1662;94.9;24.2;65.6;17.5;1205;64.9;80.7;15.6;35.6;208.0;1203;16.1;10.6;70.6;96.0;566.8;817.6;4625.0;2466.9;5123.7
Rauma;92.8;38959;-0.2;14.1;59.1;26.8;0.3;6.5;-124;-354;10655;20062;57.0;29.6;71.7;29.3;15867;71.2;76.2;11.9;29.4;146.0;16720;1.2;34.3;62.9;101.8;960.3;1289.3;2991.3;1971.6;3675.4
Rautalampi;47.7;3033;-0.7;11.5;52.0;36.5;0.1;2.0;-53;-20;835;1596;90.3;22.4;67.4;21.0;1030;68.1;63.3;12.0;41.5;196.4;892;18.0;17.4;62.6;84.6;315.4;4111.4;6914.2;1909.9;5212.9
Rautavaara;44.5;1513;-3.1;9.5;50.3;40.2;0.0;0.5;-37;-5;408;831;91.2;24.9;60.3;12.9;459;58.7;67.7;14.4;47.9;240.1;451;14.4;11.8;72.7;97.0;1642.5;5990.4;9667.5;1718.8;5731.6
Rautjärvi;49.4;3092;-1.7;8.5;50.5;41.0;0.1;1.9;-46;-34;893;1753;85.1;19.3;65.2;16.9;960;61.5;56.3;19.0;47.2;227.7;900;8.6;40.2;50.0;88.2;94.4;1499.0;3167.8;1800.4;5195.5
Reisjärvi;44.0;2690;-0.7;18.5;53.3;28.2;0.1;0.6;4;-13;693;1176;98.2;20.8;64.3;18.3;989;72.1;69.8;9.7;32.4;174.0;921;24.9;21.4;52.4;92.7;893.0;10897.8;11816.6;2052.0;4557.2
Riihimäki;97.3;28521;-0.7;15.0;61.6;23.4;0.4;3.6;-101;1;7525;14796;44.8;34.1;72.9;29.0;11977;70.5;48.7;11.5;26.5;139.7;11335;0.4;27.3;71.1;91.4;821.7;2416.9;4365.3;1824.9;3571.9
Ristijärvi;43.0;1210;-2.0;10.0;50.0;40.0;0.0;1.3;-39;-3;338;639;96.2;22.1;70.7;23.1;432;68.4;48.4;12.6;44.0;185.9;318;17.9;6.0;73.3;69.6;238.1;3749.8;7432.4;1834.0;6585.4
Rovaniemi;90.3;64180;1.0;16.2;63.4;20.4;0.2;2.6;93;215;16373;32639;50.1;39.5;79.8;34.4;26168;66.9;90.2;14.7;23.8;142.8;27311;1.9;13.6;83.3;98.2;467.0;4232.6;5582.2;2058.7;3656.5
Ruokolahti;60.7;4913;-0.2;11.8;52.5;35.7;0.2;2.2;-68;-17;1473;2503;86.6;16.6;68.3;23.3;1667;66.2;30.9;16.7;40.0;195.3;992;12.7;16.8;67.1;56.7;785.2;3080.9;4158.7;1537.8;4509.5
Ruovesi;50.9;4155;-1.4;10.6;50.6;38.8;0.3;1.3;-61;-20;1158;2189;82.0;21.6;67.4;21.3;1397;66.7;66.3;13.9;42.3;201.7;1428;12.9;27.9;57.1;99.2;718.1;2483.7;3540.0;1498.2;4752.8
Rusko;80.7;6379;0.4;20.4;59.6;20.0;1.6;1.8;21;-2;1973;2546;94.5;7.1;76.7;31.9;2874;79.5;22.5;8.8;22.3;121.1;1995;4.6;50.9;42.5;66.2;627.8;1288.5;2102.1;2047.4;2708.8
Rääkkylä;25.4;2032;-1.6;8.0;48.7;43.4;0.1;2.2;-44;-19;582;1133;97.3;20.2;68.2;17.1;606;59.1;63.2;19.5;47.7;240.9;485;26.8;10.9;59.0;77.8;-583.3;3007.7;5218.8;1271.1;5569.2
Saarijärvi;58.5;9117;-1.0;13.2;52.7;34.0;0.1;1.0;-99;-8;2455;4712;79.9;24.3;67.5;21.3;2941;62.2;71.1;21.1;37.8;213.1;2888;11.8;20.2;66.0;92.9;629.7;1339.7;5494.5;1743.4;4359.0
Salla;47.2;3416;0.3;8.6;51.5;39.9;0.3;2.0;-66;62;910;1771;88.3;23.5;67.9;17.8;1118;63.4;80.5;18.6;44.9;204.7;1084;13.3;6.4;79.1;95.5;715.0;3678.3;6083.7;2010.0;6187.8
Salo;75.0;51400;-0.3;13.5;58.0;28.5;1.2;4.4;-307;-129;14102;26128;71.6;25.3;69.0;26.4;19888;69.1;71.5;14.6;31.8;159.3;18006;4.9;25.2;68.2;87.2;589.7;2117.4;3250.9;1873.0;3817.6
Saltvik;52.0;1810;0.2;17.3;56.8;25.9;90.9;8.2;-11;-40;515;822;97.9;16.3;66.2;21.1;833;80.5;27.4;6.9;25.1;116.8;455;11.6;37.4;43.5;51.2;635.1;1836.7;0.0;2520.5;1864.3
Sastamala;68.6;23998;-0.2;14.0;55.3;30.7;0.2;2.2;-157;-92;6646;11923;76.8;21.6;69.6;23.5;9001;70.4;67.1;11.1;34.7;167.2;8303;7.2;27.6;62.9;89.5;627.5;2578.5;4642.0;1801.4;3942.1
Sauvo;42.9;2959;0.3;14.9;57.4;27.7;2.7;2.9;-15;16;868;1378;95.9;14.3;71.2;28.0;1225;75.7;37.0;8.2;30.9;140.8;729;19.8;21.7;54.2;58.1;756.6;3435.6;4599.7;1766.1;3132.9
Savitaipale;52.6;3261;-2.0;10.9;49.7;39.4;0.2;0.9;-36;-23;891;1747;90.0;16.7;65.6;20.3;1169;72.4;58.1;11.6;42.2;184.5;995;16.6;15.3;65.7;83.5;659.0;1830.4;3094.1;1829.5;4957.9
Savonlinna;77.4;32547;-0.4;11.3;55.2;33.5;0.1;2.4;-324;-61;8874;17690;59.5;29.8;72.1;25.9;11360;64.9;90.1;17.5;37.4;187.5;12287;5.2;22.5;70.9;102.0;1003.0;3577.3;5951.1;1562.5;4680.2
Savukoski;39.8;1009;0.0;10.4;56.4;33.2;0.3;0.7;-14;18;277;499;96.8;21.8;70.2;21.4;387;69.2;71.4;17.1;38.5;160.7;332;35.5;4.5;58.7;91.2;272.5;1277.5;2398.4;2995.0;5725.5
Seinäjoki;91.4;64736;0.9;16.9;62.4;20.7;0.2;2.1;82;177;17075;32106;63.7;35.5;78.3;33.5;28008;72.9;80.8;10.8;23.5;129.0;31981;2.2;22.1;74.7;111.4;594.2;5187.0;9720.4;2020.9;3434.5
Sievi;49.3;4781;-1.1;24.5;55.5;20.0;0.2;1.5;8;-83;1154;1833;96.8;20.3;68.2;18.0;1731;71.9;63.0;11.6;24.3;179.3;2168;11.3;54.2;33.0;123.6;862.8;4310.7;6987.6;2548.4;4139.6
Siikainen;29.8;1352;-2.4;11.2;51.0;37.7;0.2;1.2;-20;-35;384;695;97.4;15.1;63.4;15.6;463;67.5;56.3;14.3;41.8;199.1;359;22.0;34.8;40.7;76.5;1075.1;1104.7;1444.0;1811.6;4129.2
Siikajoki;47.1;5028;-0.1;20.9;53.8;25.3;0.1;1.3;2;-147;1305;2158;97.4;16.7;70.3;18.8;1733;67.4;57.6;13.6;29.6;190.5;1637;20.7;19.2;58.2;89.6;841.7;2280.1;4573.3;2458.1;3821.8
Siikalatva;47.0;5131;-1.4;14.6;53.6;31.9;0.1;1.1;-39;10;1362;2547;97.1;19.0;67.8;15.9;1887;70.6;71.7;12.7;36.2;175.7;1787;22.6;19.0;56.6;92.8;67.5;3454.0;7139.3;2053.4;4789.5
Siilinjärvi;82.2;21293;0.2;19.2;58.9;21.9;0.1;1.0;-4;-229;6059;9477;78.4;19.2;78.5;32.8;9006;75.2;40.3;9.6;25.0;136.0;7091;4.0;28.8;65.9;76.8;447.6;3809.2;7153.8;2396.0;3594.5
Simo;52.7;2904;-1.6;13.3;51.5;35.2;0.1;0.6;-26;-12;892;1382;98.3;11.6;69.8;22.3;1003;68.6;39.0;12.8;40.0;194.1;596;7.7;15.8;73.5;58.7;808.5;1638.0;2759.0;1995.6;4299.0
Sipoo;83.7;22190;2.3;17.8;64.2;18.0;29.2;4.4;8;457;6134;9509;69.2;22.3;74.4;36.4;10264;77.6;30.0;9.9;19.9;111.3;6994;2.0;17.8;78.2;67.7;742.6;5043.3;5682.9;2336.9;2894.0
Siuntio;48.3;6198;0.8;16.9;63.1;19.9;26.8;5.4;7;-7;1808;2632;89.5;15.2;72.2;35.2;2835;77.0;24.0;9.7;22.1;116.9;1344;6.7;15.0;75.3;46.3;614.4;3579.4;4175.2;1920.3;2971.9
Sodankylä;60.8;8187;-1.0;13.2;57.9;28.9;0.2;1.6;-79;32;2248;4102;86.6;29.6;74.4;24.7;3478;73.4;85.4;11.3;32.8;137.7;3765;6.4;27.1;65.5;104.2;1196.7;3980.9;7085.5;2032.8;4916.4
Soini;48.8;1997;-0.5;15.8;51.9;32.3;0.1;1.1;-23;-26;542;947;96.8;19.7;62.5;18.0;712;68.8;67.3;11.0;36.2;181.9;729;13.3;23.6;60.4;102.7;277.5;3176.4;6030.9;1711.5;4607.4
Somero;57.4;8563;-1.0;12.8;53.9;33.2;0.5;2.8;-89;9;2343;4342;86.6;18.1;64.7;21.1;3194;71.4;62.4;9.6;37.2;170.7;2758;14.2;24.3;58.8;82.6;709.0;2033.3;3073.8;1951.3;4097.8
Sonkajärvi;43.7;3777;-1.7;11.7;52.5;35.8;0.1;0.6;-43;-17;1076;1962;90.2;23.8;67.8;16.7;1307;66.0;57.5;15.5;41.3;193.9;1207;20.2;15.7;62.6;85.1;1181.7;2278.6;5308.5;1756.6;4564.7
Sotkamo;60.7;10348;0.5;14.8;57.6;27.6;0.1;2.7;-61;-24;2839;4972;79.1;23.9;74.3;26.9;4283;74.6;69.1;7.9;31.5;140.5;4396;7.4;33.8;57.3;103.0;-212.7;2434.4;5450.8;2263.0;4563.1
Sottunga;0.0;105;4.0;16.2;48.6;35.2;92.4;25.7;-2;8;26;59;94.9;13.6;70.0;34.4;42;75.0;39.0;4.5;38.6;140.5;18;27.8;11.1;61.1;43.9;-326.7;2950.5;0.0;366.3;2970.3
Sulkava;42.1;2430;-2.1;8.0;51.1;40.9;0.2;2.2;-42;30;691;1310;93.7;21.0;64.2;20.1;802;63.5;68.7;16.1;45.3;209.5;765;16.5;19.0;61.6;92.1;937.6;1195.0;2267.1;2126.1;5054.4
Sund;0.0;1019;1.2;15.2;57.9;26.9;88.7;9.4;-7;-14;292;488;96.3;15.8;66.0;20.8;472;80.4;25.5;8.3;25.6;113.3;240;12.9;13.8;65.4;47.9;682.2;1350.5;0.0;2578.0;2105.3
Suomussalmi;63.0;7508;-1.1;9.9;51.2;39.0;0.1;2.2;-115;-36;2106;3978;79.2;24.2;69.0;17.9;2438;63.6;80.9;16.6;44.7;211.5;2247;11.3;21.1;65.4;89.6;508.6;3037.4;6267.2;1781.4;5430.5
Suonenjoki;72.3;6891;-0.6;13.1;54.0;32.9;0.1;1.8;-80;-52;1876;3657;67.0;28.7;70.3;21.0;2529;69.2;66.6;11.4;37.9;174.1;2408;8.1;29.2;61.0;93.0;435.4;3064.9;7938.7;1879.1;5022.9
Sysmä;52.3;3584;-1.3;8.1;47.6;44.3;0.2;1.6;-49;18;976;2060;83.5;21.1;61.6;20.3;1163;67.1;69.1;11.2;47.9;212.2;975;21.1;14.5;60.7;83.8;719.9;927.8;1742.2;1866.2;4690.2
Säkylä;73.1;6588;-0.9;13.1;54.8;32.2;0.2;2.4;-53;-33;1900;3371;86.1;17.2;69.1;23.6;2666;75.3;59.8;9.2;35.5;149.3;3292;6.0;32.6;59.9;118.6;598.4;1414.1;2783.8;1706.4;4045.0
Taipalsaari;58.4;4595;-0.7;14.7;58.0;27.3;0.2;2.7;-15;-42;1388;2089;95.9;11.1;75.4;34.5;1877;72.7;25.5;12.2;29.6;146.6;794;7.9;15.9;70.8;40.9;603.3;3342.0;5185.4;1788.5;3400.0
Taivalkoski;47.2;3913;-0.1;14.7;53.8;31.5;0.1;1.6;-29;-36;1048;1833;84.4;23.3;69.0;17.6;1335;65.1;79.0;15.9;37.2;193.3;1271;12.4;19.0;67.2;93.0;1057.2;1523.5;4201.2;2177.5;4648.4
Taivassalo;37.5;1677;1.1;13.2;52.2;34.6;0.7;4.9;-6;12;486;812;90.5;16.4;65.2;21.9;627;72.9;47.8;10.2;37.9;164.6;446;16.4;23.3;56.1;72.3;1503.9;4594.3;5400.2;1655.8;3616.6
Tammela;53.0;5967;-0.8;13.9;57.6;28.5;0.3;1.6;-26;14;1734;2804;88.7;16.0;71.9;27.8;2466;74.8;35.4;9.4;31.4;144.0;1619;12.8;28.8;55.7;64.1;536.9;1562.3;2467.3;1831.8;3504.5
Tampere;98.6;244223;1.3;13.1;67.7;19.3;0.5;5.2;117;2094;59644;133600;23.7;49.4;79.8;38.3;103625;65.4;78.3;14.7;22.1;132.6;126687;0.2;18.3;80.3;119.3;703.1;3795.4;8936.4;2084.3;3544.2
Tervo;34.7;1479;-1.6;9.0;50.1;40.9;0.1;1.0;-15;-4;413;788;92.1;18.5;66.8;18.8;533;68.9;45.7;12.9;44.2;182.0;366;18.6;11.7;67.2;68.5;161.7;3878.2;9377.2;1606.8;5773.8
Tervola;42.2;2882;-1.5;15.5;54.0;30.5;0.1;2.0;-25;-56;781;1447;95.7;22.8;71.6;19.7;1068;69.7;65.3;12.8;34.9;173.9;959;15.3;22.8;59.9;87.2;606.2;985.3;2325.1;2127.9;4616.4
Teuva;66.1;4952;-0.8;14.0;51.1;34.9;0.7;1.6;-46;-37;1426;2398;95.7;15.7;66.9;17.3;1782;71.8;65.4;11.0;38.4;180.2;1658;17.3;27.9;53.0;88.6;903.9;3698.2;5568.1;1853.2;4335.8
Tohmajärvi;34.1;4241;-1.5;12.9;52.9;34.2;0.3;2.6;-58;1;1194;2182;91.3;20.4;68.1;18.3;1415;62.6;56.7;19.1;38.6;204.4;1251;16.6;11.2;69.9;85.7;397.5;2148.1;3924.1;2001.9;4808.9
Toholampi;51.6;2938;-0.9;18.2;52.7;29.1;0.2;1.8;-17;-54;815;1297;96.1;16.1;65.3;18.9;1069;71.8;66.3;10.2;31.7;177.5;1015;21.1;25.2;51.6;91.4;760.3;5384.4;9730.6;2397.5;3975.4
Toivakka;42.7;2387;-0.6;18.2;53.1;28.7;0.0;0.8;-1;13;665;1088;98.2;15.0;71.6;25.7;880;72.3;36.4;12.4;31.7;172.8;548;5.8;33.4;58.4;60.8;972.5;4776.8;7239.5;1979.2;3447.7
Tornio;87.8;21333;-0.6;16.6;58.4;25.0;0.6;2.7;-18;-149;5808;10246;66.6;29.4;74.6;26.3;8484;70.7;77.5;12.3;28.1;153.0;8697;2.4;38.8;54.9;100.3;572.6;2997.6;5009.5;1861.1;3679.3
Turku;99.1;195137;0.4;12.5;66.4;21.1;5.5;7.5;-85;659;47191;108794;24.5;49.9;77.2;35.8;80746;63.9;76.4;15.9;24.0;140.7;105364;0.3;16.4;82.0;123.7;333.9;3666.7;7392.8;1954.9;3654.6
Tuusniemi;41.3;2420;-0.5;10.0;52.4;37.6;0.1;2.0;-34;-10;656;1317;89.3;19.0;67.4;19.2;754;59.3;53.1;16.1;45.9;222.7;611;20.5;16.7;59.7;76.6;326.8;1613.2;3974.1;1488.7;5973.3
Tuusula;94.3;39718;2.4;17.9;63.7;18.5;1.4;5.0;27;128;11024;16964;69.9;21.5;72.7;33.7;17699;76.4;28.8;10.2;21.2;119.1;14847;0.9;30.8;66.6;80.6;561.4;3388.1;5443.2;2355.1;3099.0
Tyrnävä;71.5;6593;-0.2;30.1;55.7;14.2;0.3;0.5;11;-50;1615;2329;97.0;14.4;73.4;23.4;2536;75.6;33.4;10.4;16.9;160.4;1386;13.3;18.4;65.9;55.0;491.1;4741.8;5091.6;2356.5;3331.1
Ulvila;85.2;12669;-0.5;16.3;56.5;27.1;0.3;1.2;-64;-70;3769;6013;84.3;17.3;74.5;28.2;4976;72.0;32.1;12.9;30.1;155.9;3915;3.4;38.4;56.3;74.6;574.7;1847.1;3519.7;1883.5;3555.2
Urjala;49.2;4669;0.5;12.9;53.5;33.6;0.3;2.2;-61;15;1253;2397;87.4;22.4;65.2;19.4;1661;68.2;56.5;13.8;36.8;179.6;1455;12.4;27.6;56.6;83.0;318.0;2735.6;4444.2;1677.0;4569.6
Utajärvi;49.7;2568;-1.9;14.2;53.9;31.9;0.0;1.9;-34;-31;696;1265;93.8;18.7;67.8;16.0;880;66.0;62.9;13.6;38.3;197.6;831;12.9;21.7;62.9;93.9;727.0;4150.1;6533.8;2445.6;4513.6
Utsjoki;28.9;1176;-3.5;12.1;56.5;31.4;0.3;4.3;-13;13;304;595;92.4;30.8;68.8;27.7;486;70.4;81.1;13.1;32.9;150.8;474;9.1;5.9;75.5;94.4;1032.0;10150.9;11854.0;2993.4;5493.0
Uurainen;45.7;3634;-0.3;25.3;54.0;20.7;0.1;0.9;1;-33;976;1441;95.4;15.1;72.9;24.5;1347;72.9;36.7;13.3;23.4;170.7;845;9.3;20.0;68.2;60.9;621.8;4642.9;7619.3;2400.7;2984.1
Uusikaarlepyy;61.3;7497;0.2;18.2;55.9;25.9;85.3;7.1;-14;-32;2156;3226;81.2;19.8;68.5;26.1;3189;79.0;70.6;6.2;27.8;134.5;3306;14.7;38.8;45.1;101.1;820.3;6296.3;8309.1;2191.6;3716.1
Uusikaupunki;77.0;15463;0.6;13.1;57.3;29.6;0.4;6.1;-86;-152;4217;7982;63.5;28.1;70.9;23.0;6442;75.2;78.0;10.1;33.0;138.7;7359;3.1;51.5;44.6;120.5;844.1;2838.7;4867.3;1772.0;3930.2
Vaala;43.8;2673;-2.3;10.8;50.8;38.3;0.0;1.1;-43;-14;739;1448;91.3;22.4;68.5;19.0;851;62.0;72.0;17.8;43.8;221.6;836;16.1;17.3;64.6;98.8;307.6;3158.6;5589.0;2294.8;5483.0
Vaasa;98.4;67615;0.1;14.7;64.4;20.9;23.4;6.5;-13;-256;17253;35124;36.8;41.9;77.4;36.5;27828;66.3;84.7;14.1;23.1;142.7;37070;0.4;27.3;71.4;124.0;930.6;4141.4;9522.4;2611.6;3561.8
Valkeakoski;88.3;20695;-0.3;15.3;56.5;28.2;0.2;2.7;-112;-106;5710;10392;53.5;25.6;74.5;27.6;7930;70.4;58.0;12.8;30.9;161.9;6716;1.5;35.5;61.6;82.2;691.4;3884.4;6564.9;2404.7;3749.0
Vantaa;99.7;239206;0.8;16.9;67.4;15.7;2.3;14.3;858;1039;62256;114198;34.1;41.9;70.1;31.6;107972;70.3;46.7;14.4;17.8;119.7;122871;0.2;21.7;77.0;106.9;702.9;3820.4;8292.2;2155.2;3115.6
Varkaus;91.8;19973;-1.5;11.7;55.7;32.6;0.2;2.4;-189;-53;5429;11239;57.7;32.3;72.0;25.6;6928;62.7;78.0;17.5;37.4;192.7;8155;1.7;33.1;64.2;110.8;510.6;4328.2;9266.9;1657.9;4479.1
Vehmaa;47.3;2271;-0.9;14.6;55.5;29.9;0.6;2.7;-20;6;626;1128;91.0;17.7;69.0;19.7;954;75.3;44.0;8.6;33.0;140.3;679;18.0;21.6;57.4;71.6;1089.9;7192.0;8231.2;1582.0;4034.5
Vesanto;39.9;1941;-1.6;9.0;48.5;42.6;0.2;1.1;-41;0;534;1065;94.2;21.3;61.3;16.7;647;68.2;64.8;12.3;47.6;204.8;543;21.9;8.5;67.6;82.4;709.4;3855.5;6877.3;1863.6;5758.1
Vesilahti;55.6;4444;1.8;18.9;61.9;19.2;0.4;1.4;-11;22;1238;1793;97.5;9.9;75.9;32.9;1944;77.6;27.0;8.8;21.4;124.6;844;12.4;13.5;70.3;44.1;707.1;3087.7;3792.8;2033.2;3201.1
Veteli;54.8;3004;-2.0;15.1;52.6;32.3;1.7;1.6;-28;-25;867;1392;97.2;17.5;69.3;22.0;1183;74.7;59.0;8.7;34.8;159.1;1035;21.5;22.0;54.7;84.0;383.0;5491.0;9568.7;2080.9;4519.7
Vieremä;38.8;3490;-0.9;14.5;57.6;27.9;0.1;3.1;-25;-37;985;1654;94.0;22.7;70.9;19.5;1394;71.2;70.4;14.1;32.3;152.7;2158;18.7;52.9;27.4;141.7;1232.0;1972.2;8116.1;2140.8;4016.8
Vihti;75.7;29239;0.3;17.8;61.8;20.4;1.7;4.9;-12;2;8171;13166;74.7;22.8;72.7;31.1;13053;76.2;38.1;10.4;22.7;123.4;8141;2.5;24.8;70.4;60.6;690.8;3511.6;4137.9;2166.2;3129.0
Viitasaari;58.0;6070;-0.4;11.7;50.8;37.4;0.2;1.3;-75;-16;1665;3217;74.7;24.5;67.5;19.9;2064;67.0;80.6;15.0;41.6;195.4;2252;10.4;22.6;65.2;105.8;549.5;2230.8;7562.7;1919.3;4957.4
Vimpeli;68.7;2756;-1.0;12.9;55.5;31.6;0.1;1.4;-30;-22;778;1280;95.2;17.4;68.8;22.4;1071;72.1;64.4;8.7;34.9;159.9;950;10.1;34.3;54.3;86.3;797.8;4181.0;7207.6;1615.7;4401.2
Virolahti;46.5;3040;-1.5;11.5;55.3;33.2;0.6;3.8;-41;13;890;1562;95.9;20.6;67.6;20.5;1101;67.8;52.9;16.7;37.7;180.4;1214;10.8;7.6;80.0;103.5;814.4;5733.7;9133.1;1877.6;3737.3
Virrat;51.8;6465;-0.7;11.8;50.3;37.9;0.1;1.9;-68;29;1762;3371;74.8;23.9;67.6;21.8;2194;69.0;77.9;13.5;41.8;196.7;2267;11.2;27.4;59.9;100.0;1021.4;2355.3;4515.1;1945.6;4557.5
Vårdö;0.0;463;0.7;16.4;55.1;28.5;84.0;13.4;-3;5;127;203;96.6;13.8;65.8;25.3;186;75.5;45.6;8.8;28.3;147.3;120;33.3;13.3;45.8;65.9;737.0;2102.2;0.0;2902.2;2967.4
Vöyri;51.0;6376;-0.2;17.3;55.4;27.3;81.3;4.7;-17;-96;1831;2845;91.5;16.9;70.2;27.6;2709;79.1;60.8;6.7;29.1;135.8;2431;13.9;31.4;53.0;86.4;554.8;4279.3;5585.0;2331.9;3796.7
Ylitornio;47.5;3830;-1.5;9.9;50.2;39.9;0.7;2.8;-60;16;1083;1962;92.6;18.3;67.7;19.8;1281;64.7;76.9;15.2;43.5;203.7;1206;12.3;15.8;66.1;91.7;558.9;137.3;1970.7;1819.3;5642.2
Ylivieska;85.9;15357;0.3;20.8;58.2;21.0;0.3;1.1;59;-13;4022;7033;73.1;28.8;74.4;26.9;6187;73.2;69.6;11.4;24.5;147.4;6537;2.4;21.9;74.5;105.8;734.0;7927.1;8720.0;2584.2;3672.5
Ylöjärvi;88.7;33533;0.5;20.5;60.5;19.0;0.3;1.4;63;29;9543;14133;80.8;16.6;76.7;32.2;14540;76.3;34.8;10.0;21.5;129.4;10099;2.4;27.4;68.5;67.6;526.0;2463.4;3498.5;2266.7;2951.1
Ypäjä;41.1;2282;-1.4;11.6;58.5;29.9;0.7;1.1;-23;-10;646;1172;91.9;18.9;70.8;20.2;963;73.4;40.1;10.0;32.7;140.3;615;19.0;16.1;60.5;63.2;855.2;1506.1;2228.2;1569.6;3297.8
Ähtäri;61.9;5484;-0.7;13.4;52.4;34.2;0.1;1.2;-62;-31;1549;2765;87.9;20.6;70.9;22.4;2007;70.3;75.1;10.5;38.0;175.1;2041;9.5;24.3;64.4;99.5;586.6;3621.9;9556.5;1544.0;4759.7
Äänekoski;76.8;18318;-1.4;14.9;56.5;28.6;0.1;1.4;-106;-118;5058;9398;65.9;27.9;70.3;21.2;6391;63.8;72.7;19.3;32.8;190.7;6791;2.7;39.9;56.1;103.5;596.2;3990.7;10195.5;2027.8;3996.9
Uudenmaan maakunta;95.6;1714741;0.7;16.1;65.7;18.1;7.6;9.7;3155;1950;444606;833462;23.8;40.5;74.5;39.7;768692;71.1;58.3;12.9;20.1;121.5;836622;0.5;15.9;82.1;103.6;988.5;3044.4;8919.0;2247.3;3253.4
Varsinais-Suomen maakunta;85.8;483477;0.4;14.5;61.5;24.0;5.7;5.1;-934;1380;128539;245683;37.4;33.4;74.2;32.1;199102;69.4;58.8;13.2;27.0;141.8;202061;2.7;23.2;72.5;97.6;532.6;3072.3;5268.1;1942.7;3570.0
Satakunnan maakunta;83.6;214281;-0.5;14.1;57.8;28.1;0.4;3.4;-1266;-719;58979;110283;54.2;27.3;71.5;26.5;83472;69.5;68.5;13.4;31.5;158.1;86401;3.6;28.8;66.2;100.0;596.9;2666.5;4850.1;1855.4;3789.4
Kanta-Hämeen maakunta;82.6;170213;-0.2;14.6;59.0;26.4;0.4;3.2;-759;137;46193;86332;46.0;28.6;72.9;28.8;69254;71.5;55.5;11.7;29.5;146.3;64199;3.4;25.0;70.1;90.2;609.6;3441.7;5446.5;1785.5;3619.7
Pirkanmaan maakunta;88.7;527478;0.9;15.2;62.5;22.3;0.4;3.4;-546;2517;138425;265672;34.1;35.5;76.6;33.6;217568;69.2;61.1;13.0;25.3;140.3;217811;2.0;22.6;73.9;97.6;706.8;3361.6;6767.8;2044.5;3506.1
Päijät-Hämeen maakunta;87.4;205124;-0.3;14.0;58.2;27.7;0.4;3.7;-932;-5;54639;108525;36.8;34.1;71.1;27.4;77524;67.1;65.5;16.3;31.0;165.4;77081;2.8;26.9;68.6;95.2;866.6;5478.7;7720.4;1886.9;3586.6
Kymenlaakson maakunta;88.3;161391;-0.9;12.9;57.9;29.2;0.8;3.8;-1268;-848;43839;86358;45.6;29.8;72.4;26.5;60838;66.7;76.2;15.7;33.4;167.6;61440;2.6;21.4;74.6;97.6;763.5;4216.3;7479.3;2051.9;4219.6
Etelä-Karjalan maakunta;84.1;126107;-0.6;12.8;58.7;28.5;0.2;4.0;-948;-305;33986;67529;46.3;31.6;73.0;28.0;47467;65.6;73.3;15.4;32.1;167.4;47995;3.2;23.0;72.5;97.6;484.5;3016.4;6729.6;1799.0;4032.2
Etelä-Savon maakunta;72.2;131688;-0.8;12.1;55.4;32.5;0.2;2.3;-1209;-688;35780;70513;48.6;29.1;72.0;26.4;48568;67.7;83.7;13.6;36.3;173.2;50145;6.5;21.0;71.1;99.4;770.0;4200.9;7857.9;1773.1;4503.1
Pohjois-Savon maakunta;76.4;248363;0.0;14.2;59.4;26.4;0.1;2.3;-1108;-129;66915;128116;42.0;33.0;75.1;28.9;96967;67.9;73.9;13.6;30.6;156.0;98975;5.8;20.8;72.0;98.8;551.8;3598.7;8233.3;1977.9;4174.5
Pohjois-Karjalan maakunta;72.8;163281;-0.2;13.4;58.7;27.9;0.1;2.8;-993;-360;43314;85861;49.4;32.5;74.5;27.0;59372;63.6;70.9;16.9;31.6;175.4;60515;5.5;22.6;70.5;98.9;836.1;2498.9;5436.8;1844.1;3920.0
Keski-Suomen maakunta;81.5;272683;0.0;15.2;60.7;24.1;0.2;2.4;-690;-184;71717;139065;41.0;34.9;75.7;30.8;105045;66.0;73.7;15.5;27.3;159.5;106637;3.4;22.0;73.0;98.1;589.7;3140.6;7979.1;1913.2;3576.0
Etelä-Pohjanmaan maakunta;73.8;191762;-0.2;16.1;57.4;26.6;0.3;1.9;-762;-612;52700;92079;61.0;25.3;72.4;26.2;76659;72.2;70.9;10.6;29.9;150.7;77419;7.6;24.9;66.1;97.9;581.9;4335.0;7992.8;2018.1;3977.2
Pohjanmaan maakunta;84.6;176041;0.1;16.8;59.6;23.6;50.6;5.9;-66;-878;48120;82101;52.6;28.1;73.3;31.7;73717;73.2;66.9;10.3;25.7;138.5;78711;5.0;30.4;63.3;101.7;740.5;4218.3;7462.7;2381.4;3634.8
Keski-Pohjanmaan maakunta;79.5;67915;-0.1;18.4;57.3;24.3;9.0;2.3;-32;-290;18585;30708;61.5;26.7;72.0;26.2;27352;73.2;80.7;10.2;27.0;148.6;28177;6.9;22.6;69.3;101.1;632.0;5220.0;9355.9;2104.1;3829.7
Pohjois-Pohjanmaan maakunta;84.2;415603;0.4;18.5;61.0;20.5;0.2;2.4;672;-494;106931;194802;47.1;32.8;75.9;30.5;163920;68.5;75.8;13.3;24.1;152.5;164619;4.1;23.0;71.6;99.0;541.1;4186.2;6575.0;2193.1;3633.8
Kainuun maakunta;74.7;71255;-0.6;13.6;56.6;29.8;0.1;2.5;-605;-237;19277;36705;50.5;28.6;73.9;25.6;27098;68.5;80.1;12.3;34.3;164.5;27218;6.0;18.8;74.0;99.5;222.2;3503.3;12494.3;2407.4;4787.7
Lapin maakunta;78.3;176494;-0.1;14.6;58.7;26.6;0.3;2.4;-704;-239;46853;88642;52.6;31.8;75.1;27.6;68369;67.5;81.1;14.9;30.5;158.4;71925;4.0;20.0;74.2;100.2;599.2;3544.7;5792.5;2059.2;4328.3
Ahvenanmaa;63.8;30344;0.7;16.4;60.2;23.4;86.0;12.1;-30;4;8255;14243;62.9;27.6;69.1;29.2;13689;76.5;50.2;9.3;23.6;120.1;15575;3.3;13.0;80.4;107.1;516.8;1637.7;2579.2;2500.5;1936.3
Helsingin seutukunta;97.0;1597042;0.7;16.2;66.2;17.6;5.3;10.1;3570;1971;412047;776557;21.5;41.5;74.8;40.5;720283;71.0;58.0;12.9;19.5;120.1;792167;0.3;15.2;83.1;104.6;994.4;2974.0;9108.0;2251.7;3226.1
Raaseporin seutukunta;76.4;40816;-0.2;13.9;57.2;28.9;58.4;3.8;-242;-136;11310;20408;57.0;26.2;68.1;28.9;16419;72.7;68.8;11.7;31.7;149.0;14762;3.4;25.2;69.4;87.1;742.7;4545.5;5653.4;2084.3;3959.0
Porvoon seutukunta;79.9;59660;0.8;16.6;61.0;22.4;24.9;4.7;-57;51;16430;27734;52.5;27.0;71.8;31.9;25340;73.5;59.5;12.3;24.9;133.6;23859;2.2;30.8;65.5;90.0;1057.5;3232.8;6639.3;2273.4;3354.0
Loviisan seutukunta;67.7;17223;-0.8;13.4;56.4;30.2;38.2;4.0;-116;64;4819;8763;62.5;26.0;66.7;24.4;6650;69.6;57.0;16.0;33.1;161.1;5834;7.9;30.7;58.9;81.9;788.3;5293.9;7130.5;2140.2;3747.8
Åboland-Turunmaan seutukunta;62.5;21700;-0.1;13.9;55.3;30.7;58.7;3.2;-157;75;6202;10565;68.8;19.1;71.5;32.2;8631;74.3;62.4;9.5;33.5;151.6;7291;5.5;26.6;65.2;82.1;594.6;2708.2;3541.5;2300.4;4001.2
Salon seutukunta;72.5;59963;-0.4;13.4;57.4;29.2;1.1;4.2;-396;-120;16445;30470;54.6;24.3;68.3;25.6;23082;69.5;70.2;14.0;32.6;160.8;20764;6.1;25.0;66.9;86.6;606.8;2105.3;3225.5;1884.3;3857.8
Turun seutukunta;93.9;337588;0.7;14.6;63.6;21.7;4.1;5.5;-102;1837;88197;172791;27.9;38.1;76.6;35.1;141529;68.4;56.4;13.7;24.6;136.8;149452;1.1;20.3;77.1;100.9;461.6;3334.2;5990.1;1951.1;3447.4
Vakka-Suomen seutukunta;67.3;30823;0.2;14.1;56.9;29.1;0.4;5.9;-169;-267;8495;15444;56.9;24.1;69.2;22.1;12767;75.0;65.3;9.9;32.5;140.9;12901;6.4;45.5;46.7;103.2;855.8;3243.2;5111.6;1920.5;3798.8
Loimaan seutukunta;61.0;33403;-0.5;15.3;55.9;28.8;0.4;3.4;-110;-145;9200;16413;66.5;18.9;68.0;22.7;13093;72.2;56.7;11.3;32.0;156.5;11653;11.3;29.2;57.3;85.4;771.4;2270.9;2984.2;1753.4;3788.9
Rauman seutukunta;83.2;66298;-0.5;14.5;57.8;27.6;0.3;5.0;-321;-356;18481;33175;56.0;24.3;70.4;27.3;26968;72.7;66.5;11.2;30.4;147.0;27948;3.1;37.0;58.4;100.2;799.3;1647.9;3176.8;1972.9;3756.3
Porin seutukunta;87.2;129994;-0.5;14.0;58.1;28.0;0.5;2.6;-786;-215;35475;68001;51.7;28.9;72.5;27.0;49788;68.0;69.0;14.6;31.6;162.4;51554;2.8;24.9;70.9;99.8;482.2;3025.5;5589.8;1795.6;3795.9
Pohjois-Satakunnan seutukunta;58.7;17989;-1.0;13.6;55.6;30.9;0.1;3.2;-159;-148;5023;9107;66.5;25.5;67.9;20.0;6716;68.5;73.5;13.4;34.9;170.6;6899;10.9;24.7;62.4;100.1;679.2;3819.3;5667.6;1854.3;3864.0
Hämeenlinnan seutukunta;85.1;93716;0.3;14.8;59.1;26.1;0.4;3.2;-338;173;25280;47460;42.8;30.0;74.5;31.3;37850;71.2;61.9;12.5;29.2;147.0;36243;3.0;22.0;73.6;93.3;516.5;4132.3;6778.0;1752.0;3644.3
Riihimäen seutukunta;83.9;44463;-0.6;15.5;60.7;23.8;0.4;3.2;-175;-5;12089;22087;47.3;27.9;72.1;27.1;18869;72.6;42.9;10.3;26.9;137.1;15365;2.6;26.7;69.0;79.0;779.9;2626.7;4146.2;1883.5;3464.6
Forssan seutukunta;73.8;32034;-1.0;12.7;56.7;30.6;0.3;3.1;-246;-31;8824;16785;53.2;25.6;69.4;23.9;12535;70.6;54.9;11.5;33.8;158.2;12591;5.3;31.7;61.5;98.1;642.7;2573.8;3398.4;1746.9;3763.2
Luoteis-Pirkanmaan seutukunta;60.0;14971;-0.5;13.3;52.8;33.9;0.1;1.6;-119;-68;4138;7564;65.0;22.2;68.6;21.3;5227;67.4;67.1;14.1;37.6;187.7;5310;8.6;27.2;62.1;96.1;647.1;3593.5;5917.3;1566.1;4291.2
Etelä-Pirkanmaan seutukunta;83.8;41831;0.1;15.4;57.1;27.5;0.2;2.3;-231;-136;11484;20646;52.0;23.9;72.1;25.8;16162;70.6;53.0;12.9;30.3;158.6;13028;3.3;34.7;60.1;77.4;797.2;3488.2;5567.9;2087.4;3645.6
Tampereen seutukunta;92.9;421988;1.2;15.5;64.5;20.0;0.4;3.7;221;3093;109311;212506;28.1;38.7;78.3;36.2;178597;69.1;60.9;13.1;22.9;133.5;182273;1.1;20.9;76.6;99.8;708.9;3395.7;7127.1;2088.2;3370.9
Lounais-Pirkanmaan seutukunta;65.8;26719;-0.4;13.8;54.9;31.3;0.1;2.1;-168;-218;7384;13338;64.7;21.1;69.2;23.2;9980;70.5;66.4;11.0;35.3;168.9;9179;9.0;27.3;61.5;89.0;638.7;2613.3;4566.8;1809.1;3987.7
Ylä-Pirkanmaan seutukunta;64.9;21969;-1.0;11.6;51.3;37.0;0.2;1.8;-249;-154;6108;11618;57.6;23.4;67.9;21.1;7602;68.1;72.2;13.0;40.9;192.0;8021;7.7;33.2;57.4;102.0;620.2;3230.4;5516.3;1752.8;4670.3
Lahden seutukunta;87.4;205124;-0.3;14.0;58.2;27.7;0.4;3.7;-932;-5;54639;108525;36.8;34.1;71.1;27.4;77524;67.1;65.5;16.3;31.0;165.4;77081;2.8;26.9;68.6;95.2;866.6;5478.7;7720.4;1886.9;3586.6
Kouvolan seutukunta;85.9;80454;-0.9;12.8;58.0;29.2;0.4;2.8;-648;-423;21935;43179;48.3;28.4;72.5;26.2;30675;67.4;83.5;14.9;33.5;164.7;30500;3.3;21.7;73.4;95.9;721.2;3287.5;5936.9;2086.9;4180.5
Kotka-Haminan seutukunta;90.7;80937;-0.8;12.9;57.9;29.2;1.2;4.8;-620;-425;21904;43179;43.0;31.2;72.3;26.7;30163;65.9;68.8;16.4;33.3;170.6;30940;1.9;21.0;75.7;99.3;805.7;5140.0;9013.4;2017.1;4258.5
Lappeenrannan seutukunta;84.7;87880;-0.3;13.4;60.5;26.0;0.2;4.3;-482;30;23294;46379;42.2;34.3;74.6;30.5;34525;66.7;77.2;13.8;29.1;155.2;35260;2.9;20.9;74.9;99.5;501.6;2953.1;6499.4;1864.6;3871.9
Imatran seutukunta;82.7;38227;-1.5;11.3;54.5;34.2;0.2;3.3;-466;-335;10692;21150;55.2;25.8;69.3;22.5;12942;63.0;63.4;19.4;38.8;199.8;12735;4.1;28.6;65.8;92.7;445.6;3160.4;7252.4;1649.9;4396.4
Mikkelin seutukunta;74.0;68879;-0.9;12.8;56.6;30.6;0.2;2.3;-516;-386;18514;36534;47.6;30.0;72.9;28.7;26366;68.9;84.1;12.4;34.1;163.7;27175;5.4;20.8;72.3;100.3;670.2;4676.4;9759.0;1904.2;4307.6
Savonlinnan seutukunta;70.7;39669;-0.5;11.2;54.4;34.4;0.1;2.3;-419;-49;10891;21393;48.4;28.2;71.2;24.8;13799;65.2;85.8;17.1;38.3;189.0;14381;7.4;21.5;69.5;99.0;986.0;3221.1;5313.6;1628.8;4715.9
Pieksämäen seutukunta;69.6;23140;-0.7;11.5;53.6;34.9;0.2;1.9;-274;-253;6375;12586;51.9;28.0;70.6;22.3;8403;68.4;78.7;11.6;39.8;177.4;8589;8.3;20.6;69.6;97.1;697.9;4459.2;6540.6;1628.8;4722.1
Ylä-Savon seutukunta;58.9;51595;-1.1;14.0;55.2;30.8;0.1;1.7;-472;-348;14207;26412;57.1;27.5;70.7;21.3;18958;67.7;70.5;15.3;35.1;175.2;19992;12.8;26.7;59.0;99.4;759.4;3147.9;6101.9;1926.8;4408.5
Kuopion seutukunta;85.9;142836;1.0;15.0;62.9;22.0;0.1;2.6;-31;449;37745;72694;31.4;37.7;78.8;34.1;59079;68.7;77.8;12.5;25.7;139.4;60485;2.7;16.2;79.7;100.3;471.7;3820.5;9329.9;2103.7;3849.6
Koillis-Savon seutukunta;43.9;6711;-1.3;10.2;52.0;37.8;0.1;1.5;-116;-57;1825;3626;67.2;21.3;64.3;15.7;2093;59.9;57.3;15.9;45.4;224.9;1852;15.0;21.0;62.2;85.5;802.1;3016.5;6078.1;1585.8;5803.7
Varkauden seutukunta;78.0;33877;-1.4;12.3;55.3;32.3;0.2;2.2;-300;-97;9480;18278;49.1;27.5;71.8;25.1;12098;65.2;67.3;16.3;37.0;184.1;12437;5.5;32.9;60.1;97.4;568.9;3520.2;7586.3;1664.2;4410.2
Sisä-Savon seutukunta;57.8;13344;-0.9;11.7;52.3;36.0;0.1;1.6;-189;-76;3658;7106;62.8;25.0;67.9;20.1;4739;68.8;63.3;11.8;40.8;184.0;4209;12.9;22.5;62.7;87.0;417.8;3509.0;7711.4;1853.4;5257.6
Joensuun seutukunta;77.6;127165;0.1;14.2;60.8;25.0;0.1;2.7;-464;-191;33394;66172;45.8;35.1;76.5;29.3;47703;63.9;68.8;16.6;28.5;166.3;48727;3.7;22.9;72.1;99.1;874.4;2893.3;6062.0;1872.5;3661.6
Keski-Karjalan seutukunta;45.0;16150;-1.0;11.1;51.3;37.6;0.1;3.2;-240;-114;4557;8526;65.5;22.1;68.5;19.3;5126;61.8;71.3;19.2;42.2;218.1;5108;14.0;20.3;63.6;94.2;449.8;1211.8;2982.9;1794.5;4789.6
Pielisen Karjalan seutukunta;65.6;19966;-1.3;10.5;51.3;38.2;0.1;2.7;-289;-55;5363;11163;58.3;25.2;67.3;18.9;6543;63.2;86.4;17.1;42.7;209.0;6680;11.6;22.3;64.5;100.8;907.0;1059.2;3488.7;1706.4;4841.9
Jyväskylän seutukunta;89.0;188069;0.5;16.2;64.0;19.8;0.2;2.9;141;259;48466;95202;32.6;39.8;79.0;35.5;75747;65.9;73.7;15.2;22.7;147.0;76828;1.5;18.9;78.0;98.0;560.9;2903.7;8098.9;1919.6;3183.2
Joutsan seutukunta;50.9;4966;-0.6;10.0;49.8;40.2;0.2;1.8;-91;12;1321;2739;63.0;21.7;64.5;20.0;1681;68.6;65.1;13.6;43.6;197.2;1586;13.6;20.9;63.7;89.1;306.6;3903.1;7260.4;1620.3;5087.9
Keuruun seutukunta;67.6;10931;-1.0;12.9;51.7;35.4;0.2;1.7;-98;-44;3017;5657;54.0;24.2;70.2;23.1;3814;68.6;71.8;13.3;38.9;189.6;3868;8.7;29.6;60.0;100.1;793.4;5405.0;10565.8;2073.1;4226.7
Jämsän seutukunta;74.9;19767;-0.6;12.3;54.7;33.0;0.1;1.6;-198;-142;5453;10452;55.8;23.7;71.5;23.4;7161;67.8;79.8;15.3;36.9;177.7;7400;4.2;35.7;58.7;99.9;627.4;2006.9;3060.2;1780.9;4446.3
Äänekosken seutukunta;72.4;20904;-1.3;14.6;56.1;29.3;0.1;1.4;-130;-133;5778;10706;56.1;27.3;69.9;21.0;7274;64.2;70.9;18.9;33.5;191.0;7573;4.3;36.8;57.6;101.0;637.0;4680.4;10496.9;2015.6;4043.6
Saarijärvi-Viitasaaren seutukunta;54.3;28046;-1.3;13.0;51.5;35.5;0.1;1.1;-314;-136;7682;14309;65.3;22.5;65.7;19.0;9368;65.4;73.3;17.1;39.4;203.3;9382;13.8;21.6;62.7;96.4;688.3;3332.3;7878.3;1877.0;4686.6
Suupohjan seutukunta;63.5;20925;-1.0;14.2;54.5;31.3;0.6;2.1;-161;-195;5856;10422;72.5;20.8;67.4;19.3;7933;70.4;71.8;11.9;34.9;166.4;8039;12.6;25.4;60.5;96.8;640.1;4112.1;6968.8;1858.2;4512.5
Seinäjoen seutukunta;80.5;131294;0.2;16.6;59.1;24.4;0.3;1.9;-322;-38;35823;63242;55.6;27.8;74.5;28.8;54126;73.0;70.6;10.5;27.6;142.2;54791;5.9;24.9;68.0;98.4;590.7;4603.8;8524.0;2050.4;3763.0
Kuusiokuntien seutukunta;56.9;20209;-0.9;15.1;53.4;31.6;0.1;1.3;-127;-136;5620;9656;68.2;21.2;68.4;21.2;7593;71.6;73.2;9.4;34.8;168.5;7614;9.7;22.8;65.9;98.3;538.6;3662.1;7552.4;1909.6;4426.8
Järviseudun seutukunta;56.9;19334;-1.1;15.7;53.1;31.2;0.4;2.6;-152;-243;5401;8759;78.9;17.2;67.5;21.2;7007;69.4;70.2;10.7;34.9;178.9;6975;13.4;27.4;57.2;95.5;505.3;3474.6;5996.5;2087.2;4366.3
Vaasan seutukunta;89.4;108980;0.1;16.1;61.5;22.4;37.6;5.2;-80;-415;29300;53192;43.8;32.8;76.4;35.2;45593;70.6;68.0;12.1;24.3;138.9;49135;2.6;27.2;69.0;101.5;829.3;4213.3;8040.1;2463.8;3542.5
Sydösterbotten;66.0;17231;-0.1;14.3;53.1;32.6;64.3;11.0;-99;-194;4950;8092;71.9;19.1;64.4;23.3;7213;79.4;78.9;5.6;34.8;139.0;7400;17.8;22.3;58.2;101.4;728.0;4145.1;6614.4;2060.8;4055.7
Jakobstadsregionen;80.5;49830;0.3;19.3;57.4;23.3;74.5;5.6;113;-269;13870;20817;67.4;19.6;69.6;26.6;20911;77.4;60.3;7.8;25.6;137.5;22176;6.1;40.3;52.4;102.3;550.0;4254.7;6490.8;2311.9;3691.0
Kaustisen seutukunta;52.6;14616;-1.2;18.3;53.3;28.4;1.1;1.6;-68;-169;4068;6424;79.8;19.0;66.5;20.1;5604;74.0;64.0;9.1;31.1;163.9;5191;19.8;23.1;55.2;89.5;723.3;6327.3;10408.4;2201.5;4122.4
Kokkolan seutukunta;86.9;53299;0.2;18.4;58.4;23.2;11.1;2.5;36;-121;14517;24284;56.7;28.7;73.5;27.9;21748;73.0;85.1;10.4;25.9;144.6;22986;4.0;22.4;72.4;104.1;606.6;4912.1;9063.3;2077.0;3748.3
Oulun seutukunta;94.4;257355;1.0;18.7;64.7;16.7;0.2;2.9;1013;751;64984;122179;35.5;38.7;79.3;36.7;106536;68.3;77.5;13.4;19.8;139.2;106097;1.2;20.1;77.4;98.9;475.8;3677.9;5754.9;2136.1;3294.3
Oulunkaaren seutukunta;61.5;22855;-0.6;17.4;53.8;28.7;0.1;1.2;-125;-124;6036;10603;72.3;20.7;69.0;19.5;7729;65.7;61.3;15.8;33.8;197.4;6629;10.6;20.6;66.8;84.2;509.0;4541.0;7698.7;2430.0;4382.8
Raahen seutukunta;79.3;32336;-0.3;18.1;55.3;26.7;0.1;2.5;-69;-486;8682;15104;63.3;24.5;71.9;21.9;11223;66.2;77.8;15.3;31.0;189.0;12593;5.2;37.4;56.3;107.3;789.6;5963.6;10075.1;2228.9;3904.8
Haapavesi-Siikalatvan seutukunta;54.4;13375;-0.7;17.9;54.7;27.4;0.0;2.1;-31;-106;3467;6120;73.2;20.5;68.8;17.0;4843;69.5;74.0;12.7;31.7;178.0;5137;15.4;32.5;50.7;102.3;302.0;3963.7;6728.3;2180.3;4433.2
Nivala-Haapajärven seutukunta;60.7;27385;-1.1;18.8;53.6;27.6;0.1;0.9;-67;-334;7143;12463;68.3;22.3;68.3;18.9;9950;70.4;71.3;11.8;31.6;178.2;9879;13.9;27.3;57.2;97.0;597.2;6433.5;10279.7;2155.4;4572.0
Ylivieskan seutukunta;74.2;43219;-0.2;19.8;56.2;24.0;0.3;1.5;23;-207;11351;19193;66.0;22.9;71.6;23.1;16649;72.5;67.8;11.5;27.5;160.0;17020;8.2;28.4;62.1;100.8;738.5;5285.5;6934.3;2383.3;3876.2
Koillismaan seutukunta;61.3;19078;-0.3;14.6;55.7;29.7;0.2;2.1;-72;12;5268;9140;59.1;25.3;72.4;21.1;6990;67.4;89.3;13.6;34.8;173.7;7264;6.9;16.6;75.2;100.5;669.7;1936.4;3934.8;2239.6;4328.0
Kehys-Kainuun seutukunta;61.9;20021;-1.5;10.0;50.6;39.4;0.1;1.7;-334;-88;5595;10769;63.3;23.4;68.5;17.9;6602;64.4;80.9;16.0;44.8;207.9;6263;13.4;18.5;66.2;92.6;462.1;3449.5;6773.5;1676.2;5492.8
Kajaanin seutukunta;79.8;51234;-0.2;15.0;59.0;26.0;0.1;2.8;-271;-149;13682;25936;45.2;30.8;76.1;28.8;20496;69.9;79.9;11.1;30.1;150.5;20955;3.8;18.9;76.4;101.7;127.2;3524.6;14759.3;2696.9;4508.6
Rovaniemen seutukunta;88.1;67850;0.9;16.3;62.8;20.9;0.2;2.5;54;177;17306;34301;38.9;38.7;79.0;33.5;27373;66.8;89.8;14.8;24.4;145.6;28514;2.5;13.4;82.8;98.1;472.5;4044.1;5529.4;2081.2;3737.5
Kemi-Tornion seutukunta;88.1;55005;-1.4;15.4;56.9;27.7;0.3;2.5;-212;-566;15048;27951;53.2;29.3;73.7;25.7;20831;68.0;68.1;14.3;31.7;167.7;21924;2.3;32.5;63.0;102.6;500.5;3479.9;5510.1;1927.5;4173.5
Torniolaakson seutukunta;50.5;7126;-0.9;9.7;49.2;41.1;0.6;2.1;-115;4;2054;3665;80.2;18.0;68.0;20.3;2328;64.5;77.7;15.4;44.9;209.0;2306;12.5;16.0;66.7;95.4;580.6;719.8;2618.7;1767.3;5821.9
Itä-Lapin seutukunta;55.5;15520;-0.9;9.0;50.8;40.2;0.2;1.4;-235;54;4330;8261;65.2;23.8;69.4;20.4;5039;63.3;78.6;18.6;45.5;210.7;4923;12.1;13.3;73.3;94.3;638.3;4410.0;7757.4;1998.0;5902.3
Tunturi-Lapin seutukunta;51.3;14622;1.1;14.7;59.9;25.4;0.5;2.9;-63;64;3712;6484;75.5;25.9;74.6;23.5;6057;71.1;82.3;15.6;28.3;138.8;6847;4.0;16.5;77.4;105.0;1022.3;1978.7;5893.4;2516.7;4653.6
Pohjois-Lapin seutukunta;60.7;16371;0.1;12.6;59.1;28.3;0.3;2.4;-133;28;4403;7980;65.1;30.5;73.4;25.1;6741;70.6;86.1;14.1;32.2;142.5;7411;6.2;17.5;74.3;102.6;1052.7;3512.3;7263.7;2200.2;4833.5
Mariehamns stad;99.6;11742;0.3;13.9;60.7;25.4;82.5;14.8;-35;-10;2981;6161;36.3;44.5;70.8;34.5;5125;72.5;76.8;11.5;25.6;128.4;9522;0.1;8.4;89.5;170.1;783.6;2174.8;5891.5;2242.5;2049.3
Ålands landsbygd;46.0;16547;1.2;18.8;60.5;20.8;89.0;10.1;18;24;4739;7061;82.9;14.3;68.6;25.7;7675;79.4;30.5;8.0;20.9;113.1;5375;7.4;21.6;65.8;67.0;352.8;1202.3;534.9;2677.1;1729.6
Ålands skärgård;0.0;2055;-0.6;11.8;54.8;33.3;82.1;13.4;-13;-10;535;1021;84.6;17.6;63.7;25.5;889;76.5;59.0;7.2;32.8;132.6;678;15.5;9.1;67.7;73.9;304.6;2041.1;0.0;2563.8;2931.8
